ele,lat,lon,name
510.997,-21.5294394,133.8891224,Route5
510.997,-21.5294394,133.8891224,Route5
510.967,-21.5293806,133.8891271,Route5
510.937,-21.5293325,133.8891232,Route5
510.893,-21.5292779,133.8891169,Route5
510.799,-21.5292124,133.8890997,Route5
510.44,-21.5290996,133.8890413,Route5
511.225,-21.5295716,133.8888241,Route5
511.05,-21.5299163,133.8886568,Route5
511.219,-21.5301347,133.8885504,Route5
511.617,-21.530332,133.8884397,Route5
512.161,-21.5305563,133.8882884,Route5
512.165,-21.5305586,133.8882869,Route5
511.582,-21.5313308,133.8877454,Route5
509.0,-21.5318309,133.8873341,Route5
509.649,-21.5320758,133.8871188,Route5
510.778,-21.532216,133.8869948,Route5
511.346,-21.5324135,133.8868064,Route5
511.379,-21.5326053,133.8866077,Route5
512.771,-21.5329266,133.8862481,Route5
512.933,-21.532982,133.8861813,Route5
513.168,-21.5331939,133.8859261,Route5
512.61,-21.5334416,133.8855909,Route5
511.95,-21.5336732,133.8852525,Route5
512.807,-21.5338621,133.8849567,Route5
513.584,-21.5340512,133.8846594,Route5
513.213,-21.5342882,133.8842226,Route5
509.66,-21.5345487,133.8836779,Route5
513.121,-21.5347097,133.8832872,Route5
512.398,-21.5348972,133.8827855,Route5
510.757,-21.5350084,133.8824326,Route5
510.488,-21.5351121,133.8820868,Route5
510.683,-21.5351261,133.8820325,Route5
511.615,-21.5351781,133.8818403,Route5
512.816,-21.5352266,133.8816453,Route5
512.985,-21.5352736,133.8814163,Route5
512.208,-21.5353302,133.8811025,Route5
515.971,-21.5354721,133.8802825,Route5
515.297,-21.5357308,133.8785848,Route5
516.0,-21.5358124,133.8780493,Route5
515.578,-21.5360765,133.8763248,Route5
514.481,-21.5361349,133.8759432,Route5
518.917,-21.5365568,133.8731884,Route5
518.795,-21.5369079,133.8708989,Route5
519.439,-21.5369371,133.8707082,Route5
523.164,-21.5370249,133.8701358,Route5
523.321,-21.5371311,133.8694432,Route5
518.308,-21.5373078,133.8682254,Route5
519.424,-21.5373976,133.8676601,Route5
523.676,-21.5379616,133.8640731,Route5
522.444,-21.5381331,133.8628844,Route5
522.576,-21.5381419,133.8628232,Route5
522.604,-21.5381656,133.8626943,Route5
521.585,-21.5382829,133.8620566,Route5
522.744,-21.5384412,133.8612901,Route5
523.22,-21.5385989,133.8606194,Route5
523.046,-21.5386238,133.8605135,Route5
523.122,-21.538645,133.8604325,Route5
523.411,-21.5386938,133.8602464,Route5
524.045,-21.5388272,133.8597382,Route5
524.307,-21.5390329,133.8590189,Route5
526.952,-21.5392479,133.8583467,Route5
526.551,-21.5395068,133.8576012,Route5
525.008,-21.5397154,133.8570293,Route5
529.105,-21.5400211,133.8562821,Route5
529.428,-21.5413324,133.85303,Route5
528.197,-21.5414756,133.852675,Route5
528.196,-21.5414762,133.8526735,Route5
528.196,-21.5414773,133.8526707,Route5
528.009,-21.5415471,133.8524976,Route5
532.552,-21.5422697,133.8507057,Route5
533.492,-21.5425771,133.8499781,Route5
536.131,-21.5427326,133.8496786,Route5
536.142,-21.5427342,133.8496755,Route5
536.612,-21.5428204,133.8495096,Route5
535.363,-21.5429322,133.8492943,Route5
534.862,-21.5433142,133.8486121,Route5
536.669,-21.543731,133.8479394,Route5
534.988,-21.5441802,133.8473281,Route5
534.0,-21.5445778,133.8468272,Route5
534.0,-21.5446685,133.8467129,Route5
537.284,-21.5451858,133.8461307,Route5
536.0,-21.545731,133.8455884,Route5
537.468,-21.5463383,133.8450452,Route5
536.053,-21.5476984,133.843923,Route5
536.035,-21.5480546,133.8436218,Route5
538.944,-21.54853,133.8432409,Route5
538.79,-21.5488615,133.8429698,Route5
538.119,-21.5489457,133.8428906,Route5
538.045,-21.5492877,133.8426086,Route5
539.61,-21.5496894,133.842278,Route5
540.603,-21.549806,133.8421914,Route5
541.943,-21.5500337,133.8420092,Route5
540.64,-21.5503336,133.8417429,Route5
538.46,-21.5507277,133.8414049,Route5
537.555,-21.550865,133.841278,Route5
535.92,-21.551095,133.8410727,Route5
537.48,-21.5515221,133.8406943,Route5
536.985,-21.5519114,133.8403035,Route5
536.876,-21.5519714,133.8402433,Route5
536.615,-21.552042,133.8401707,Route5
536.357,-21.5521117,133.8400991,Route5
536.505,-21.552351,133.839841,Route5
536.609,-21.5525672,133.8395953,Route5
536.014,-21.5527811,133.8393323,Route5
535.528,-21.5530143,133.8390355,Route5
535.404,-21.5533693,133.8385648,Route5
536.567,-21.5536737,133.8381505,Route5
534.781,-21.5542282,133.8373777,Route5
534.134,-21.5546778,133.8367482,Route5
534.15,-21.5547874,133.8365948,Route5
535.099,-21.555167,133.8360633,Route5
533.664,-21.5556782,133.8353396,Route5
534.726,-21.5561808,133.834646,Route5
535.917,-21.5567554,133.8338529,Route5
534.071,-21.5569349,133.833594,Route5
532.808,-21.5571485,133.8332889,Route5
535.015,-21.5574005,133.832952,Route5
532.386,-21.5578083,133.8323599,Route5
534.194,-21.5582574,133.8317471,Route5
533.532,-21.5586033,133.8312631,Route5
533.784,-21.558829,133.8309505,Route5
531.934,-21.5593335,133.8302316,Route5
533.484,-21.5598863,133.829474,Route5
533.797,-21.5604449,133.8286966,Route5
534.484,-21.5608928,133.8280919,Route5
532.989,-21.5611935,133.8276483,Route5
533.039,-21.5614162,133.8273329,Route5
532.788,-21.5618132,133.8267915,Route5
533.097,-21.5619246,133.8266396,Route5
533.429,-21.5620333,133.8264914,Route5
532.818,-21.5625505,133.8257612,Route5
531.84,-21.5627465,133.8254798,Route5
532.208,-21.5630033,133.8251357,Route5
530.787,-21.5634403,133.8245232,Route5
532.051,-21.5636253,133.8242732,Route5
533.92,-21.5643421,133.8232982,Route5
530.258,-21.5647766,133.8226517,Route5
528.365,-21.5653047,133.8219125,Route5
533.004,-21.5661235,133.8208061,Route5
531.838,-21.5663955,133.8204359,Route5
532.781,-21.5666585,133.8200626,Route5
528.083,-21.5673179,133.8190926,Route5
527.039,-21.5674946,133.818852,Route5
526.574,-21.5682511,133.817829,Route5
527.967,-21.5684125,133.8175882,Route5
526.405,-21.5697891,133.8156852,Route5
527.019,-21.5701267,133.8152185,Route5
526.0,-21.5707774,133.8143067,Route5
526.135,-21.5708869,133.8141532,Route5
525.231,-21.5711754,133.8137488,Route5
526.307,-21.571773,133.8129172,Route5
526.526,-21.5719941,133.8126317,Route5
528.166,-21.5722156,133.8123381,Route5
526.14,-21.57292,133.8113567,Route5
527.632,-21.5736463,133.8103479,Route5
528.84,-21.5739936,133.8098509,Route5
528.78,-21.5741152,133.8096708,Route5
529.0,-21.5743494,133.809293,Route5
528.097,-21.5745699,133.8088918,Route5
526.72,-21.5746487,133.8087419,Route5
526.0,-21.5747616,133.8085233,Route5
526.0,-21.5748137,133.8084104,Route5
526.756,-21.5764535,133.8046199,Route5
528.114,-21.576724,133.804013,Route5
528.575,-21.5768018,133.8038385,Route5
529.386,-21.5768795,133.8036641,Route5
529.546,-21.5769594,133.8034849,Route5
526.116,-21.5772316,133.802818,Route5
524.917,-21.5773607,133.8024762,Route5
523.046,-21.5774919,133.8021037,Route5
523.251,-21.5775802,133.8018465,Route5
523.236,-21.5777121,133.8014027,Route5
522.097,-21.5777851,133.8011389,Route5
522.0,-21.5778262,133.8010019,Route5
522.0,-21.5778376,133.800956,Route5
522.0,-21.57787,133.8008258,Route5
524.249,-21.5782442,133.799072,Route5
524.472,-21.5782844,133.7988834,Route5
522.789,-21.5784377,133.7981647,Route5
522.693,-21.5784431,133.7981517,Route5
522.003,-21.5784717,133.7980293,Route5
521.914,-21.5784928,133.7979386,Route5
522.741,-21.5785943,133.7975719,Route5
523.0,-21.5786152,133.7974962,Route5
522.254,-21.5787266,133.7971304,Route5
521.73,-21.578762,133.7970204,Route5
521.151,-21.5788209,133.7968377,Route5
520.442,-21.5789011,133.7965891,Route5
519.0,-21.5790111,133.7962948,Route5
519.0,-21.5790195,133.7962723,Route5
519.0,-21.5790508,133.7961969,Route5
517.692,-21.5796593,133.7946997,Route5
517.337,-21.5797313,133.7945225,Route5
518.513,-21.5803796,133.7929273,Route5
512.638,-21.5812884,133.7906909,Route5
511.118,-21.5830863,133.7862586,Route5
512.702,-21.5835177,133.7851949,Route5
512.063,-21.5835896,133.7850176,Route5
512.073,-21.584605,133.7825142,Route5
511.674,-21.585248,133.7809418,Route5
508.578,-21.587017,133.776616,Route5
509.893,-21.587151,133.7763489,Route5
508.0,-21.587433,133.7757869,Route5
509.545,-21.587906,133.7749769,Route5
510.037,-21.588425,133.774198,Route5
511.724,-21.5886301,133.7739286,Route5
512.0,-21.5887441,133.7737789,Route5
512.0,-21.588858,133.7736293,Route5
511.211,-21.588972,133.7734796,Route5
511.015,-21.588993,133.773452,Route5
506.596,-21.58961,133.772749,Route5
506.957,-21.590251,133.7720969,Route5
506.352,-21.5909226,133.7714796,Route5
506.084,-21.5910594,133.7713539,Route5
508.885,-21.593794,133.7688403,Route5
510.009,-21.5962551,133.766578,Route5
509.221,-21.5963918,133.7664524,Route5
506.608,-21.5974856,133.7654468,Route5
508.892,-21.6014482,133.761804,Route5
508.0,-21.6040482,133.7594186,Route5
507.934,-21.604185,133.7592931,Route5
501.682,-21.6077429,133.7560287,Route5
503.323,-21.6078797,133.7559032,Route5
507.059,-21.6103428,133.7536431,Route5
508.08,-21.6104796,133.7535176,Route5
507.541,-21.6106164,133.753392,Route5
505.762,-21.612601,133.751571,Route5
507.973,-21.6143092,133.7499995,Route5
504.324,-21.6156761,133.748742,Route5
504.964,-21.6158128,133.7486163,Route5
504.056,-21.6167696,133.747736,Route5
507.445,-21.6177264,133.7468557,Route5
507.395,-21.6178631,133.74673,Route5
507.156,-21.6179998,133.7466042,Route5
507.065,-21.622139,133.7427959,Route5
505.972,-21.622626,133.7423819,Route5
507.615,-21.62313,133.7419889,Route5
507.156,-21.6234125,133.741792,Route5
507.958,-21.623647,133.741612,Route5
510.047,-21.624196,133.741264,Route5
509.83,-21.624757,133.7409329,Route5
510.562,-21.625337,133.7406329,Route5
510.938,-21.6254567,133.7405797,Route5
511.558,-21.6258631,133.7403992,Route5
511.935,-21.6261819,133.7402608,Route5
505.014,-21.6271407,133.7399021,Route5
508.48,-21.6274806,133.739775,Route5
510.43,-21.627957,133.7395769,Route5
511.155,-21.6285779,133.7393545,Route5
511.303,-21.6286661,133.7393202,Route5
511.439,-21.6288353,133.7392545,Route5
510.527,-21.6295152,133.7389904,Route5
509.444,-21.6312656,133.7383267,Route5
511.245,-21.6324779,133.737868,Route5
510.546,-21.6325659,133.7378356,Route5
507.425,-21.6329063,133.7377102,Route5
507.27,-21.6331767,133.7376106,Route5
509.813,-21.6335921,133.7374861,Route5
510.604,-21.633771,133.7374487,Route5
512.297,-21.6341241,133.7373749,Route5
512.435,-21.6341557,133.7373683,Route5
514.699,-21.634453,133.737317,Route5
515.309,-21.6349949,133.7372879,Route5
517.14,-21.6353258,133.7372914,Route5
519.2,-21.6357019,133.7373085,Route5
519.002,-21.6361022,133.7373538,Route5
519.344,-21.636272,133.7373874,Route5
519.633,-21.6363743,133.7374077,Route5
519.943,-21.6364485,133.7374246,Route5
521.853,-21.6368721,133.7375213,Route5
522.501,-21.6369749,133.7375515,Route5
523.743,-21.6371484,133.7376025,Route5
524.04,-21.6371857,133.7376134,Route5
527.163,-21.6375745,133.7377609,Route5
528.93,-21.6379879,133.7379477,Route5
529.29,-21.6381538,133.7380226,Route5
529.312,-21.6381703,133.7380301,Route5
529.653,-21.6383143,133.7381097,Route5
529.816,-21.6383822,133.7381472,Route5
529.095,-21.6387168,133.7383497,Route5
529.644,-21.6389308,133.7385071,Route5
529.412,-21.63906,133.7386021,Route5
528.269,-21.6392214,133.738735,Route5
526.801,-21.6393642,133.7388526,Route5
525.484,-21.639507,133.7389703,Route5
523.992,-21.6396498,133.739088,Route5
523.12,-21.6397184,133.7391445,Route5
520.074,-21.6401713,133.7394973,Route5
517.239,-21.6405908,133.7397953,Route5
515.348,-21.6409194,133.7399868,Route5
514.762,-21.6414129,133.7402358,Route5
514.006,-21.6416654,133.7403421,Route5
512.253,-21.6419093,133.7404447,Route5
512.306,-21.6422821,133.7405715,Route5
510.372,-21.6429523,133.7408188,Route5
506.039,-21.6438757,133.7411618,Route5
506.565,-21.6441755,133.7412732,Route5
506.184,-21.6443855,133.7413519,Route5
505.696,-21.6445554,133.7414155,Route5
505.321,-21.6447252,133.7414791,Route5
505.317,-21.6447775,133.7414987,Route5
506.026,-21.646026,133.7419518,Route5
506.164,-21.6465394,133.742133,Route5
503.503,-21.6476983,133.7425675,Route5
503.545,-21.6482069,133.7427435,Route5
503.384,-21.6486101,133.7428839,Route5
502.105,-21.6491676,133.7430839,Route5
502.096,-21.650228,133.743463,Route5
502.181,-21.6512493,133.7437881,Route5
503.018,-21.651526,133.7438722,Route5
504.117,-21.6516991,133.7439247,Route5
505.687,-21.6522184,133.7440825,Route5
501.231,-21.6544687,133.744766,Route5
501.358,-21.6545011,133.7447758,Route5
501.811,-21.6546419,133.7448183,Route5
504.499,-21.6557113,133.7451408,Route5
504.357,-21.656719,133.7454493,Route5
503.842,-21.656892,133.7455023,Route5
502.028,-21.658622,133.7460319,Route5
502.599,-21.658795,133.7460848,Route5
502.811,-21.658968,133.7461378,Route5
499.198,-21.6645039,133.7478327,Route5
499.389,-21.6646769,133.7478857,Route5
496.469,-21.6670681,133.7486178,Route5
492.333,-21.669173,133.7492696,Route5
491.637,-21.6693458,133.7493232,Route5
491.643,-21.6695187,133.7493767,Route5
492.0,-21.6698644,133.7494838,Route5
491.911,-21.6700372,133.7495373,Route5
491.642,-21.6702101,133.7495908,Route5
495.298,-21.6709015,133.7498049,Route5
495.49,-21.6710743,133.7498584,Route5
490.919,-21.6719386,133.7501261,Route5
497.074,-21.6738399,133.7507149,Route5
492.081,-21.6750354,133.7510852,Route5
490.893,-21.6767638,133.7516209,Route5
491.001,-21.6769366,133.7516745,Route5
492.169,-21.6798748,133.7525853,Route5
492.195,-21.6798894,133.7525898,Route5
491.611,-21.6803024,133.7527189,Route5
489.672,-21.6806848,133.7528158,Route5
489.756,-21.6810581,133.7528939,Route5
490.64,-21.681398,133.75295,Route5
491.379,-21.6816325,133.7529819,Route5
491.023,-21.68222,133.7530619,Route5
491.209,-21.693373,133.754188,Route5
490.758,-21.6941959,133.754272,Route5
491.577,-21.6949666,133.7543489,Route5
494.206,-21.7057744,133.7554395,Route5
492.216,-21.7063864,133.7554965,Route5
492.376,-21.7071234,133.7555711,Route5
490.933,-21.7073295,133.7555885,Route5
491.292,-21.7079324,133.7556184,Route5
493.672,-21.708455,133.755619,Route5
493.084,-21.709179,133.755586,Route5
494.0,-21.710064,133.755482,Route5
494.046,-21.7105027,133.7554087,Route5
494.895,-21.7107045,133.7553668,Route5
495.142,-21.7110673,133.7552915,Route5
493.696,-21.711729,133.7551311,Route5
494.607,-21.7121057,133.7550174,Route5
495.193,-21.712306,133.754957,Route5
496.246,-21.7126195,133.754841,Route5
496.756,-21.7127896,133.7547781,Route5
496.362,-21.7129597,133.7547152,Route5
494.956,-21.713182,133.754633,Route5
492.038,-21.7136459,133.7544302,Route5
490.893,-21.7140415,133.754246,Route5
491.322,-21.7145338,133.7539834,Route5
492.0,-21.7151451,133.7536272,Route5
491.095,-21.7156425,133.753303,Route5
488.859,-21.7159949,133.753048,Route5
487.95,-21.7161442,133.75294,Route5
487.756,-21.7162212,133.7528842,Route5
489.898,-21.7166736,133.7525344,Route5
492.073,-21.717051,133.752202,Route5
491.12,-21.7176334,133.7516433,Route5
491.182,-21.7177948,133.7514885,Route5
492.16,-21.7211427,133.7482572,Route5
492.143,-21.7212766,133.748128,Route5
488.343,-21.7218122,133.747611,Route5
487.904,-21.7235531,133.7459306,Route5
486.442,-21.723687,133.7458014,Route5
486.325,-21.723763,133.745728,Route5
488.674,-21.7244995,133.7449645,Route5
487.051,-21.724712,133.7447261,Route5
487.576,-21.7252803,133.7440478,Route5
487.402,-21.7256627,133.743528,Route5
484.559,-21.7259695,133.7430742,Route5
484.539,-21.72598,133.7430587,Route5
485.44,-21.7260689,133.7429128,Route5
485.913,-21.7261675,133.7427509,Route5
486.011,-21.72619,133.742714,Route5
486.506,-21.7262651,133.7425882,Route5
487.349,-21.726378,133.742399,Route5
484.906,-21.7266445,133.7419303,Route5
483.356,-21.7268785,133.7415186,Route5
485.847,-21.7276446,133.7401231,Route5
482.508,-21.7287088,133.7382322,Route5
484.0,-21.729879,133.7361182,Route5
482.683,-21.7305311,133.7349571,Route5
482.078,-21.7306053,133.7348249,Route5
480.092,-21.730809,133.7344592,Route5
481.309,-21.7311651,133.7338199,Route5
483.885,-21.7318905,133.7325137,Route5
482.4,-21.7326558,133.731136,Route5
481.958,-21.732941,133.7306227,Route5
482.329,-21.7331371,133.730264,Route5
480.117,-21.7341527,133.728452,Route5
479.916,-21.7350615,133.7268098,Route5
478.137,-21.736669,133.7239292,Route5
478.115,-21.7376737,133.7221192,Route5
478.036,-21.7376969,133.7220774,Route5
479.542,-21.7400644,133.7178133,Route5
476.773,-21.7406496,133.7167585,Route5
476.597,-21.7407418,133.7165923,Route5
477.497,-21.7416641,133.7149298,Route5
475.975,-21.7417563,133.7147636,Route5
477.0,-21.7422988,133.7137858,Route5
477.315,-21.744246,133.7102696,Route5
479.341,-21.7444785,133.7098533,Route5
477.077,-21.7457169,133.7076116,Route5
478.732,-21.7458089,133.7074452,Route5
478.203,-21.7459008,133.7072787,Route5
477.209,-21.7459927,133.7071123,Route5
476.092,-21.7460784,133.7069572,Route5
476.01,-21.7460847,133.7069459,Route5
475.88,-21.7461769,133.7067796,Route5
476.465,-21.7468222,133.7056157,Route5
477.233,-21.7469144,133.7054494,Route5
479.531,-21.7474571,133.7044707,Route5
481.95,-21.7480173,133.7034519,Route5
482.981,-21.7481089,133.7032853,Route5
483.293,-21.7482412,133.7030448,Route5
477.554,-21.7489951,133.7016954,Route5
476.696,-21.7492179,133.7012917,Route5
476.459,-21.7493098,133.7011252,Route5
476.618,-21.7494016,133.7009588,Route5
477.154,-21.7495004,133.7007798,Route5
476.999,-21.7497231,133.7003846,Route5
476.953,-21.7499542,133.6999607,Route5
477.325,-21.7500452,133.6997937,Route5
477.981,-21.7501362,133.6996267,Route5
478.495,-21.7502076,133.6994958,Route5
480.357,-21.7506251,133.6987435,Route5
481.272,-21.7518789,133.6964617,Route5
482.152,-21.7519698,133.6962963,Route5
482.17,-21.7519705,133.696295,Route5
484.262,-21.752063,133.6961289,Route5
479.591,-21.7527314,133.6949287,Route5
479.628,-21.7531711,133.6941449,Route5
477.013,-21.7537275,133.6931391,Route5
477.173,-21.7537743,133.6930546,Route5
477.276,-21.7538194,133.6929726,Route5
477.181,-21.753911,133.692806,Route5
477.908,-21.7540026,133.6926394,Route5
479.0,-21.7542231,133.6922385,Route5
477.849,-21.7547939,133.691226,Route5
476.031,-21.7553802,133.6903015,Route5
478.141,-21.7558258,133.6896681,Route5
478.8,-21.7561267,133.689265,Route5
479.153,-21.7565129,133.6887935,Route5
478.657,-21.7568147,133.6884465,Route5
478.738,-21.7573612,133.6878505,Route5
478.681,-21.7574773,133.6877295,Route5
478.091,-21.7578708,133.6873391,Route5
478.181,-21.7578946,133.6873165,Route5
478.722,-21.7580883,133.6871348,Route5
481.805,-21.7585831,133.6866847,Route5
480.982,-21.758739,133.6865572,Route5
479.745,-21.7592034,133.686182,Route5
480.02,-21.7594574,133.6859905,Route5
480.197,-21.7599452,133.685639,Route5
479.366,-21.7601761,133.6854858,Route5
478.355,-21.7606541,133.6851821,Route5
479.375,-21.7609404,133.6850075,Route5
480.184,-21.7612078,133.6848577,Route5
480.389,-21.7614995,133.6846926,Route5
479.557,-21.7616109,133.6846328,Route5
478.927,-21.7617145,133.6845732,Route5
478.349,-21.761865,133.6844929,Route5
480.193,-21.7623093,133.6842737,Route5
481.042,-21.7625792,133.684146,Route5
481.48,-21.762724,133.684084,Route5
483.695,-21.763037,133.6839509,Route5
482.226,-21.7634408,133.683787,Route5
480.87,-21.763696,133.6836909,Route5
480.0,-21.764149,133.6835253,Route5
480.82,-21.7646571,133.6833532,Route5
480.069,-21.7661368,133.682847,Route5
480.851,-21.7676652,133.6823241,Route5
482.768,-21.7686755,133.6819707,Route5
480.81,-21.7699091,133.68155,Route5
484.387,-21.7708231,133.6812289,Route5
483.915,-21.7710771,133.6811424,Route5
481.395,-21.7721462,133.6807785,Route5
480.995,-21.7760301,133.6794438,Route5
481.618,-21.7770535,133.6790891,Route5
481.107,-21.7782761,133.6786616,Route5
482.432,-21.778686,133.6785282,Route5
480.479,-21.7792997,133.6783231,Route5
480.245,-21.7806729,133.6778459,Route5
480.437,-21.7809326,133.6777557,Route5
480.982,-21.7826591,133.6771654,Route5
482.963,-21.7832424,133.6769599,Route5
483.687,-21.7840824,133.6766641,Route5
483.657,-21.7854185,133.6762065,Route5
481.194,-21.7864385,133.6758577,Route5
481.635,-21.7875592,133.6754757,Route5
481.353,-21.7883748,133.6751798,Route5
482.745,-21.7900035,133.6746188,Route5
482.989,-21.7900904,133.6745849,Route5
486.093,-21.790564,133.6744179,Route5
486.462,-21.7916726,133.6740354,Route5
481.739,-21.7940941,133.6732069,Route5
485.668,-21.7966617,133.6723145,Route5
485.895,-21.7976423,133.6719737,Route5
484.012,-21.8033316,133.6700043,Route5
485.009,-21.8058142,133.6691499,Route5
484.793,-21.8066163,133.6688493,Route5
485.0,-21.8068681,133.6687448,Route5
485.094,-21.8069823,133.6686978,Route5
485.671,-21.8071415,133.6686262,Route5
484.033,-21.8077871,133.6683265,Route5
484.415,-21.807937,133.6682569,Route5
485.728,-21.808589,133.667901,Route5
485.773,-21.8090272,133.6676497,Route5
483.895,-21.809659,133.6672514,Route5
485.894,-21.8099776,133.6670323,Route5
486.137,-21.8101976,133.6668785,Route5
484.777,-21.8107132,133.6664978,Route5
484.0,-21.8111343,133.6661673,Route5
484.697,-21.8114319,133.665933,Route5
486.01,-21.812182,133.6652581,Route5
485.172,-21.8124933,133.664958,Route5
484.587,-21.8139938,133.663553,Route5
487.056,-21.8143169,133.6632404,Route5
488.063,-21.8149553,133.6626288,Route5
488.691,-21.8156285,133.6619938,Route5
484.194,-21.8209058,133.6570159,Route5
487.93,-21.823612,133.654463,Route5
487.51,-21.8237473,133.6543354,Route5
488.395,-21.8279419,133.6503782,Route5
489.112,-21.8282874,133.6500522,Route5
487.275,-21.8293492,133.6490604,Route5
488.113,-21.8324102,133.6461694,Route5
491.483,-21.8335192,133.6451219,Route5
490.598,-21.8347115,133.6440005,Route5
489.591,-21.8357731,133.6430021,Route5
490.0,-21.8370134,133.6418322,Route5
491.966,-21.8399905,133.6390241,Route5
491.568,-21.8415623,133.6375414,Route5
489.513,-21.8425619,133.636599,Route5
493.874,-21.8587616,133.6213243,Route5
493.611,-21.8597521,133.6203858,Route5
493.719,-21.8602546,133.6199079,Route5
493.955,-21.8623685,133.6179115,Route5
494.075,-21.8630279,133.6172913,Route5
494.045,-21.8630401,133.6172769,Route5
495.988,-21.8636077,133.6167356,Route5
496.976,-21.868388,133.6122305,Route5
497.974,-21.8694297,133.6112496,Route5
498.0,-21.8695652,133.6111221,Route5
498.033,-21.8697006,133.6109946,Route5
497.644,-21.8698211,133.6108812,Route5
496.799,-21.8699726,133.6107409,Route5
496.585,-21.8699989,133.6107166,Route5
495.593,-21.8707361,133.6100245,Route5
497.71,-21.8734384,133.6074662,Route5
495.34,-21.8741932,133.606761,Route5
496.552,-21.8763248,133.6047303,Route5
496.782,-21.8763786,133.604679,Route5
497.153,-21.8769385,133.6041454,Route5
499.603,-21.8771626,133.6039305,Route5
498.649,-21.8775608,133.6035563,Route5
499.0,-21.8778533,133.6032693,Route5
499.0,-21.8781008,133.6030261,Route5
499.0,-21.8783097,133.6027998,Route5
499.155,-21.8787445,133.6023125,Route5
501.419,-21.8791045,133.6018967,Route5
501.521,-21.8791766,133.6018169,Route5
500.132,-21.8801223,133.6006213,Route5
499.866,-21.8802104,133.6005064,Route5
498.02,-21.8808337,133.5997167,Route5
501.602,-21.88138,133.5990084,Route5
500.348,-21.8818676,133.5983776,Route5
500.523,-21.8820896,133.5980914,Route5
500.572,-21.8821034,133.5980737,Route5
500.964,-21.8822055,133.5979432,Route5
501.714,-21.8823214,133.597795,Route5
501.359,-21.8826073,133.5974293,Route5
500.0,-21.8827843,133.5972014,Route5
500.897,-21.8833697,133.5964477,Route5
503.34,-21.8852081,133.5940782,Route5
503.428,-21.886263,133.5927172,Route5
499.164,-21.887053,133.5916994,Route5
500.885,-21.8927072,133.5844136,Route5
504.0,-21.8945535,133.5820344,Route5
503.88,-21.8951959,133.5812065,Route5
499.106,-21.8965171,133.5795084,Route5
498.733,-21.8966327,133.5793598,Route5
501.206,-21.8975572,133.5781715,Route5
502.0,-21.8978823,133.5777537,Route5
500.961,-21.8982773,133.5772404,Route5
505.634,-21.8993892,133.5758043,Route5
502.26,-21.9000755,133.5749277,Route5
506.148,-21.9034229,133.5706163,Route5
503.211,-21.905045,133.5685269,Route5
506.107,-21.9067231,133.5663592,Route5
506.868,-21.907259,133.5656621,Route5
502.384,-21.9089594,133.5634762,Route5
507.757,-21.9106927,133.5612478,Route5
505.678,-21.9142278,133.5567028,Route5
506.0,-21.9172722,133.5527729,Route5
505.973,-21.919211,133.5502702,Route5
508.0,-21.9251125,133.5426482,Route5
510.285,-21.9262843,133.5411336,Route5
510.383,-21.9264164,133.5409624,Route5
509.737,-21.9265795,133.5407517,Route5
511.67,-21.927045,133.5401513,Route5
508.617,-21.9274593,133.5396168,Route5
507.031,-21.9294956,133.5370041,Route5
509.0,-21.9302644,133.5360178,Route5
505.142,-21.9308006,133.5353345,Route5
508.027,-21.9311185,133.534926,Route5
510.666,-21.9320595,133.5337303,Route5
511.863,-21.9328152,133.5327397,Route5
509.995,-21.9336326,133.5316878,Route5
513.0,-21.9348126,133.5301705,Route5
512.269,-21.9384469,133.5254968,Route5
513.043,-21.9394294,133.5242219,Route5
510.3,-21.939909,133.5235996,Route5
514.902,-21.9413898,133.5216922,Route5
513.905,-21.9415052,133.5215435,Route5
516.516,-21.9450972,133.5169168,Route5
514.026,-21.9480693,133.5130765,Route5
514.58,-21.9487441,133.5121941,Route5
515.637,-21.9512325,133.5089876,Route5
516.0,-21.9533659,133.5062354,Route5
514.996,-21.9549914,133.5041264,Route5
515.177,-21.955222,133.5038272,Route5
516.171,-21.9563413,133.5023902,Route5
517.923,-21.9571891,133.5012902,Route5
517.199,-21.9574118,133.5009999,Route5
516.07,-21.9576057,133.500747,Route5
517.479,-21.9580275,133.5001792,Route5
517.0,-21.958323,133.4997992,Route5
517.0,-21.9584616,133.499621,Route5
518.151,-21.960065,133.4975548,Route5
519.354,-21.9608302,133.4965653,Route5
518.655,-21.9612542,133.4960183,Route5
518.074,-21.9633677,133.4932773,Route5
516.332,-21.9639038,133.4925928,Route5
517.984,-21.964408,133.491949,Route5
516.518,-21.964984,133.491261,Route5
517.354,-21.965735,133.490485,Route5
516.818,-21.9658838,133.4903464,Route5
520.589,-21.9677897,133.4885719,Route5
518.872,-21.9690213,133.4874252,Route5
518.232,-21.9706485,133.4859181,Route5
519.472,-21.9709881,133.4856256,Route5
517.153,-21.9714351,133.4852551,Route5
519.603,-21.972112,133.484744,Route5
519.353,-21.972821,133.484277,Route5
518.878,-21.9735702,133.4838403,Route5
519.015,-21.9737208,133.4837554,Route5
519.792,-21.975107,133.4829714,Route5
520.49,-21.9753131,133.4828534,Route5
521.055,-21.975472,133.4827625,Route5
519.38,-21.9772489,133.4817455,Route5
521.997,-21.9798502,133.4802762,Route5
522.925,-21.9804057,133.4799614,Route5
520.772,-21.9824367,133.4788105,Route5
523.951,-21.9842266,133.477795,Route5
523.881,-21.9845144,133.4776317,Route5
523.851,-21.9845449,133.4776144,Route5
522.954,-21.9850227,133.4773439,Route5
522.419,-21.9851819,133.4772537,Route5
522.0,-21.9853412,133.4771636,Route5
522.011,-21.9863294,133.4766041,Route5
522.509,-21.9885169,133.4753629,Route5
521.583,-21.9903209,133.4743442,Route5
521.441,-21.9907557,133.474098,Route5
522.294,-21.990915,133.4740078,Route5
524.298,-21.9935162,133.4725352,Route5
526.653,-21.9957903,133.4712496,Route5
525.892,-21.9977248,133.4701567,Route5
526.0,-21.9979234,133.4700432,Route5
526.08,-21.9980824,133.4699524,Route5
526.336,-21.9982413,133.4698616,Route5
526.091,-21.9984002,133.4697708,Route5
526.152,-21.9985592,133.46968,Route5
526.094,-21.9987181,133.4695892,Route5
525.518,-21.9998308,133.4689537,Route5
525.31,-22.0000194,133.4688459,Route5
525.035,-22.002616,133.4673743,Route5
526.969,-22.0041796,133.466481,Route5
527.284,-22.0056388,133.4656711,Route5
526.0,-22.006125,133.465419,Route5
526.0,-22.0064096,133.4652779,Route5
526.061,-22.006614,133.4651891,Route5
525.666,-22.006828,133.465118,Route5
526.683,-22.007367,133.464914,Route5
528.32,-22.007969,133.4647199,Route5
527.394,-22.0083118,133.4646342,Route5
528.0,-22.0087014,133.4645458,Route5
527.56,-22.0097833,133.4642875,Route5
525.221,-22.0111957,133.4639502,Route5
525.072,-22.0115396,133.4638689,Route5
527.617,-22.0134396,133.4634194,Route5
528.501,-22.01507,133.4630502,Route5
527.459,-22.0184504,133.4622569,Route5
526.389,-22.0192748,133.4620647,Route5
527.503,-22.021509,133.4615437,Route5
528.163,-22.0247236,133.4607883,Route5
528.509,-22.0248993,133.460747,Route5
528.773,-22.0250751,133.4607057,Route5
529.641,-22.025516,133.4606021,Route5
530.011,-22.0257781,133.4605407,Route5
530.0,-22.0261296,133.4604584,Route5
529.943,-22.0275357,133.460129,Route5
531.219,-22.0286872,133.4598592,Route5
530.226,-22.028942,133.4597997,Route5
530.023,-22.0291178,133.4597587,Route5
530.016,-22.0292935,133.4597177,Route5
530.239,-22.0294693,133.4596766,Route5
531.779,-22.0327376,133.4589137,Route5
537.389,-22.0370509,133.4579004,Route5
539.721,-22.039313,133.4573742,Route5
540.408,-22.0394888,133.4573333,Route5
539.563,-22.0396646,133.4572924,Route5
538.552,-22.0403679,133.4571288,Route5
538.978,-22.0405438,133.4570879,Route5
539.591,-22.0407196,133.457047,Route5
539.144,-22.0410712,133.4569652,Route5
541.762,-22.0418783,133.4567775,Route5
540.828,-22.044663,133.456135,Route5
539.262,-22.045494,133.455905,Route5
540.338,-22.046327,133.455634,Route5
541.249,-22.046491,133.4555695,Route5
541.844,-22.0468289,133.4554366,Route5
540.415,-22.047148,133.455311,Route5
539.669,-22.0473334,133.45523,Route5
539.434,-22.0475001,133.4551573,Route5
539.845,-22.047762,133.455043,Route5
539.782,-22.0478321,133.4550079,Route5
539.425,-22.0479953,133.4549263,Route5
539.559,-22.0481585,133.4548447,Route5
540.064,-22.048478,133.4546849,Route5
539.487,-22.049136,133.454327,Route5
539.179,-22.049914,133.4538509,Route5
537.043,-22.0546212,133.4506686,Route5
537.497,-22.0586597,133.4479178,Route5
540.484,-22.065151,133.4435239,Route5
543.534,-22.0686314,133.4411677,Route5
539.729,-22.072509,133.4385425,Route5
540.617,-22.0736603,133.4377655,Route5
541.228,-22.0764053,133.4359131,Route5
539.45,-22.0770153,133.4355014,Route5
543.04,-22.078565,133.4344556,Route5
543.045,-22.0803683,133.4332334,Route5
543.472,-22.0838143,133.4309055,Route5
541.102,-22.0889078,133.4274671,Route5
542.282,-22.0903562,133.4264923,Route5
542.876,-22.0908677,133.4261504,Route5
543.983,-22.091376,133.425842,Route5
544.221,-22.0917341,133.425617,Route5
543.55,-22.092213,133.425352,Route5
542.009,-22.0930297,133.4249036,Route5
544.27,-22.09367,133.4245922,Route5
543.263,-22.0942731,133.4243045,Route5
544.552,-22.0946393,133.4241422,Route5
543.999,-22.0952507,133.4238879,Route5
544.533,-22.095504,133.423793,Route5
544.762,-22.0963229,133.4234882,Route5
544.389,-22.096603,133.423391,Route5
543.949,-22.097482,133.423115,Route5
542.898,-22.098084,133.4229379,Route5
544.725,-22.098848,133.4227419,Route5
543.874,-22.1000794,133.422465,Route5
546.827,-22.1025545,133.4219363,Route5
547.0,-22.1050704,133.4214036,Route5
547.034,-22.1053379,133.421345,Route5
544.274,-22.1070668,133.4209753,Route5
547.0,-22.1097293,133.4204052,Route5
547.0,-22.1098142,133.420387,Route5
545.351,-22.1111278,133.4200985,Route5
549.295,-22.1160293,133.4190436,Route5
549.707,-22.1199482,133.4182001,Route5
550.622,-22.1234249,133.4174595,Route5
550.341,-22.1234868,133.4174463,Route5
548.852,-22.1239833,133.4173406,Route5
549.144,-22.124877,133.4171502,Route5
550.158,-22.1271653,133.4166607,Route5
549.587,-22.128451,133.4163839,Route5
552.586,-22.129174,133.4162292,Route5
552.68,-22.1295208,133.4161568,Route5
551.234,-22.1299923,133.4160522,Route5
550.588,-22.1301537,133.4160231,Route5
549.776,-22.1304134,133.4159836,Route5
549.694,-22.130711,133.415957,Route5
549.594,-22.1309782,133.4159449,Route5
549.639,-22.1312241,133.415942,Route5
549.938,-22.13136,133.4159459,Route5
551.248,-22.1317356,133.415991,Route5
551.292,-22.132141,133.416041,Route5
551.0,-22.132768,133.416199,Route5
551.894,-22.13334,133.416419,Route5
551.805,-22.133943,133.4167329,Route5
549.896,-22.1344734,133.4170866,Route5
549.454,-22.134596,133.4171919,Route5
552.645,-22.135202,133.4177549,Route5
552.953,-22.1352907,133.4178572,Route5
551.571,-22.1357938,133.4184376,Route5
552.089,-22.1364115,133.4191688,Route5
552.318,-22.1407409,133.4241789,Route5
554.0,-22.1412478,133.424758,Route5
553.565,-22.142807,133.426539,Route5
553.0,-22.143211,133.426984,Route5
554.0,-22.143737,133.427506,Route5
553.4,-22.144585,133.42825,Route5
553.001,-22.145425,133.428921,Route5
554.034,-22.146147,133.429435,Route5
553.898,-22.1462995,133.4295324,Route5
555.254,-22.1466961,133.4297859,Route5
557.398,-22.147064,133.430021,Route5
553.074,-22.148004,133.430535,Route5
554.483,-22.148778,133.4308879,Route5
554.321,-22.1491058,133.431022,Route5
553.715,-22.149274,133.4310908,Route5
553.526,-22.1493079,133.4311047,Route5
552.442,-22.149758,133.4312889,Route5
555.973,-22.150551,133.431564,Route5
553.557,-22.151378,133.431805,Route5
553.414,-22.15221,133.432002,Route5
557.229,-22.153054,133.432158,Route5
556.752,-22.153909,133.432271,Route5
556.222,-22.154784,133.4323419,Route5
557.755,-22.1554251,133.4323549,Route5
557.418,-22.155874,133.432364,Route5
556.041,-22.156975,133.432325,Route5
558.122,-22.1617005,133.4318647,Route5
562.549,-22.170156,133.431041,Route5
565.433,-22.2027063,133.4279872,Route5
562.808,-22.203561,133.4279039,Route5
567.978,-22.2071958,133.4275652,Route5
569.769,-22.207808,133.4275049,Route5
568.0,-22.212508,133.4270789,Route5
569.953,-22.217206,133.4267249,Route5
571.976,-22.2233781,133.4262534,Route5
574.639,-22.226635,133.4260109,Route5
574.636,-22.2271463,133.4259724,Route5
574.175,-22.2273257,133.4259589,Route5
569.989,-22.2368354,133.4252425,Route5
570.273,-22.2373737,133.4252019,Route5
570.451,-22.2375531,133.4251884,Route5
579.122,-22.2456668,133.424577,Route5
576.075,-22.246368,133.424519,Route5
578.986,-22.2596621,133.4235206,Route5
578.0,-22.2621741,133.4233319,Route5
577.08,-22.2623535,133.4233184,Route5
576.333,-22.2630713,133.4232645,Route5
578.564,-22.270761,133.4226869,Route5
578.721,-22.2707867,133.4226839,Route5
576.368,-22.271622,133.4225849,Route5
578.467,-22.272104,133.422526,Route5
579.0,-22.272766,133.4223899,Route5
582.175,-22.273426,133.4222369,Route5
583.197,-22.274066,133.422071,Route5
582.105,-22.274693,133.4218709,Route5
581.0,-22.275351,133.4216399,Route5
581.327,-22.2824598,133.4188176,Route5
585.343,-22.2887152,133.4163631,Route5
584.365,-22.2888843,133.4162968,Route5
583.697,-22.2940979,133.4142508,Route5
588.527,-22.3123536,133.4070225,Route5
587.061,-22.3145578,133.4061397,Route5
593.0,-22.3218101,133.403235,Route5
589.802,-22.323834,133.4024243,Route5
589.181,-22.3305803,133.3997218,Route5
590.541,-22.330749,133.3996542,Route5
591.469,-22.3312549,133.3994516,Route5
596.506,-22.3440728,133.3943161,Route5
597.079,-22.3442414,133.3942485,Route5
596.0,-22.3450847,133.3939106,Route5
596.182,-22.3508111,133.391616,Route5
598.613,-22.3603953,133.387754,Route5
598.372,-22.3609367,133.3875377,Route5
606.634,-22.3892451,133.3761703,Route5
605.323,-22.3924691,133.3748795,Route5
605.078,-22.3949992,133.3738665,Route5
607.166,-22.4085333,133.3684469,Route5
610.143,-22.409233,133.3681667,Route5
608.782,-22.4110606,133.3674394,Route5
608.918,-22.4149723,133.3658826,Route5
609.481,-22.4156891,133.3655973,Route5
609.832,-22.4185158,133.3644678,Route5
611.273,-22.4347151,133.357994,Route5
614.658,-22.4469228,133.3531352,Route5
614.645,-22.4470304,133.3530887,Route5
614.167,-22.4471758,133.3530291,Route5
616.0,-22.4514409,133.3513358,Route5
615.519,-22.455425,133.3497478,Route5
614.227,-22.4557,133.3496519,Route5
615.743,-22.4578002,133.3488112,Route5
617.721,-22.4605374,133.3477184,Route5
615.37,-22.4632496,133.3466395,Route5
617.178,-22.4660982,133.3455061,Route5
619.0,-22.4687267,133.3444607,Route5
619.045,-22.4701135,133.3439099,Route5
619.98,-22.4726462,133.3429039,Route5
620.318,-22.4728151,133.3428368,Route5
621.446,-22.4733216,133.3426356,Route5
620.419,-22.4743347,133.3422332,Route5
619.798,-22.4745036,133.3421661,Route5
619.726,-22.4745543,133.342146,Route5
623.765,-22.4776872,133.3408987,Route5
622.932,-22.4805286,133.3397729,Route5
626.743,-22.484682,133.3381269,Route5
627.624,-22.4859862,133.3376077,Route5
626.707,-22.486155,133.3375405,Route5
625.446,-22.4863238,133.3374733,Route5
627.495,-22.4881345,133.3367524,Route5
627.042,-22.4903533,133.3358763,Route5
629.875,-22.4926892,133.3349491,Route5
630.868,-22.4945457,133.334217,Route5
630.112,-22.4949181,133.3340838,Route5
629.42,-22.4953828,133.333919,Route5
629.343,-22.4956291,133.3338425,Route5
629.608,-22.4958019,133.3337888,Route5
629.415,-22.4960022,133.3337265,Route5
629.687,-22.4967884,133.3335242,Route5
633.229,-22.4974184,133.3333843,Route5
631.723,-22.4979552,133.3332979,Route5
631.023,-22.498352,133.333237,Route5
635.787,-22.5002287,133.3330166,Route5
635.281,-22.5015696,133.3328637,Route5
633.345,-22.502116,133.3328046,Route5
632.102,-22.5024908,133.3327592,Route5
641.621,-22.5193393,133.3308406,Route5
642.42,-22.5303879,133.3295778,Route5
642.003,-22.5315902,133.3294416,Route5
647.802,-22.5383874,133.3286662,Route5
647.875,-22.5385663,133.3286458,Route5
648.914,-22.5387452,133.3286254,Route5
650.019,-22.538924,133.328605,Route5
650.022,-22.5391029,133.3285846,Route5
649.586,-22.5392818,133.3285642,Route5
648.595,-22.5410063,133.3283642,Route5
650.318,-22.5429097,133.3281438,Route5
653.048,-22.5438712,133.3280422,Route5
654.422,-22.5451467,133.3278951,Route5
656.989,-22.5466498,133.3277256,Route5
658.0,-22.5474136,133.3276517,Route5
659.157,-22.5477996,133.3276233,Route5
660.604,-22.548316,133.3276174,Route5
660.289,-22.5486677,133.3276153,Route5
660.872,-22.5489499,133.3276224,Route5
661.347,-22.5490996,133.3276223,Route5
661.432,-22.5491296,133.3276245,Route5
660.991,-22.5493091,133.3276379,Route5
660.296,-22.5494886,133.3276513,Route5
659.407,-22.5497578,133.3276646,Route5
658.105,-22.5501866,133.3277033,Route5
657.684,-22.5503795,133.3277238,Route5
658.826,-22.5509186,133.3278148,Route5
658.629,-22.5510536,133.3278353,Route5
656.952,-22.5512741,133.3278745,Route5
655.817,-22.5514875,133.3279125,Route5
655.653,-22.5516275,133.3279435,Route5
655.867,-22.5518038,133.3279826,Route5
655.169,-22.5520632,133.3280401,Route5
654.004,-22.5525031,133.3281658,Route5
654.369,-22.5526767,133.3282167,Route5
654.839,-22.5528542,133.3282716,Route5
654.999,-22.553042,133.3283302,Route5
656.679,-22.5537004,133.3285477,Route5
655.428,-22.5543816,133.3287648,Route5
655.687,-22.5544914,133.328802,Route5
655.902,-22.5546838,133.3288616,Route5
651.339,-22.5559548,133.3292608,Route5
651.336,-22.5562475,133.3293503,Route5
650.622,-22.5564878,133.3294277,Route5
648.293,-22.5580379,133.3299186,Route5
646.743,-22.5585225,133.3300714,Route5
650.0,-22.5595348,133.3303962,Route5
646.147,-22.5633832,133.3316161,Route5
644.816,-22.5655045,133.3322868,Route5
646.622,-22.5657808,133.3323776,Route5
647.691,-22.5660536,133.3324644,Route5
647.323,-22.5664466,133.3325896,Route5
647.52,-22.5666173,133.3326445,Route5
647.616,-22.5666801,133.3326656,Route5
647.154,-22.5671454,133.3328118,Route5
645.613,-22.5675543,133.3329395,Route5
646.331,-22.567856,133.3330366,Route5
646.456,-22.5683585,133.3331939,Route5
646.0,-22.5687737,133.3333264,Route5
646.825,-22.5690915,133.3334314,Route5
647.248,-22.5693927,133.3335264,Route5
648.471,-22.5697938,133.3336589,Route5
650.109,-22.5702149,133.3337956,Route5
649.014,-22.5704274,133.3338636,Route5
647.275,-22.5707334,133.3339544,Route5
647.747,-22.5710409,133.3340515,Route5
647.991,-22.571445,133.3341793,Route5
647.549,-22.5717437,133.3342753,Route5
647.505,-22.5720222,133.3343613,Route5
647.454,-22.5720498,133.3343698,Route5
647.086,-22.5721953,133.3344142,Route5
645.964,-22.5724596,133.3344949,Route5
646.467,-22.5727828,133.3346004,Route5
648.011,-22.5730932,133.3347007,Route5
648.632,-22.5735089,133.3348348,Route5
649.0,-22.5737872,133.3349245,Route5
648.155,-22.5741235,133.3350279,Route5
647.939,-22.5745445,133.3351609,Route5
649.001,-22.5748657,133.3352654,Route5
648.808,-22.5752297,133.3353779,Route5
647.728,-22.5756469,133.3355082,Route5
648.147,-22.5760017,133.3356228,Route5
648.059,-22.5763638,133.3357368,Route5
649.087,-22.576702,133.3358444,Route5
649.62,-22.5769949,133.3359389,Route5
649.685,-22.5773248,133.3360471,Route5
649.776,-22.5776815,133.3361574,Route5
648.613,-22.5780154,133.3362587,Route5
648.254,-22.5784038,133.3363807,Route5
648.548,-22.5787166,133.3364799,Route5
647.491,-22.5790222,133.336577,Route5
648.093,-22.579316,133.3366773,Route5
648.996,-22.5794438,133.3367175,Route5
649.234,-22.5796166,133.3367717,Route5
649.362,-22.5796723,133.3367892,Route5
649.999,-22.5799988,133.3368931,Route5
649.803,-22.580337,133.3369992,Route5
649.449,-22.5806416,133.3370974,Route5
649.081,-22.5809676,133.3371998,Route5
650.058,-22.581317,133.3373101,Route5
649.805,-22.5816328,133.3374119,Route5
650.097,-22.5820827,133.3375535,Route5
650.0,-22.5823971,133.3376536,Route5
649.915,-22.582853,133.3378014,Route5
649.866,-22.5832662,133.3379318,Route5
651.0,-22.583629,133.3380422,Route5
651.0,-22.5840023,133.3381665,Route5
651.666,-22.5843517,133.3382716,Route5
651.698,-22.5846795,133.3383753,Route5
649.275,-22.5851621,133.3385336,Route5
648.0,-22.5855201,133.3386486,Route5
648.52,-22.5858805,133.3387583,Route5
648.491,-22.5862396,133.338874,Route5
649.708,-22.586724,133.339027,Route5
650.315,-22.5871305,133.339154,Route5
649.808,-22.5876149,133.3393082,Route5
649.966,-22.5879544,133.3394186,Route5
650.44,-22.5883903,133.339555,Route5
651.03,-22.5888895,133.3397145,Route5
650.304,-22.5893223,133.3398515,Route5
649.234,-22.5896268,133.3399516,Route5
649.189,-22.5896483,133.3399586,Route5
649.298,-22.5897997,133.3400054,Route5
650.055,-22.5899602,133.340055,Route5
649.963,-22.5903028,133.3401627,Route5
650.028,-22.5907491,133.340303,Route5
650.0,-22.5911064,133.3404181,Route5
651.141,-22.5914232,133.3405165,Route5
651.731,-22.5917413,133.3406169,Route5
650.918,-22.5919924,133.340702,Route5
651.2,-22.5922717,133.3407898,Route5
653.917,-22.5928193,133.3409567,Route5
654.676,-22.5932632,133.3410997,Route5
656.313,-22.5936893,133.341232,Route5
654.564,-22.5940883,133.341361,Route5
654.984,-22.5944401,133.3414674,Route5
654.73,-22.594763,133.3415718,Route5
655.374,-22.5951038,133.3416802,Route5
656.0,-22.5953251,133.3417503,Route5
656.0,-22.5954942,133.3418039,Route5
655.03,-22.5957865,133.3418983,Route5
654.867,-22.5961616,133.3420187,Route5
654.657,-22.5965066,133.342127,Route5
655.031,-22.5968289,133.3422308,Route5
654.86,-22.5972611,133.3423664,Route5
654.006,-22.5976847,133.3425027,Route5
654.034,-22.5980328,133.3426165,Route5
652.589,-22.5984582,133.3427528,Route5
652.419,-22.5987762,133.3428585,Route5
652.674,-22.5990979,133.3429609,Route5
653.902,-22.5994172,133.3430573,Route5
654.0,-22.5996952,133.3431505,Route5
653.697,-22.5999789,133.3432422,Route5
654.304,-22.6004068,133.3433778,Route5
653.123,-22.6008083,133.3435102,Route5
651.582,-22.6011879,133.343634,Route5
651.048,-22.6012975,133.3436698,Route5
650.791,-22.6013602,133.3436898,Route5
651.24,-22.6018778,133.343855,Route5
651.094,-22.6019182,133.3438679,Route5
651.05,-22.60205,133.3439112,Route5
650.459,-22.6024781,133.3440521,Route5
649.5,-22.602689,133.3441166,Route5
649.0,-22.603049,133.3442217,Route5
649.0,-22.6032571,133.3442769,Route5
649.232,-22.6036641,133.3443799,Route5
649.055,-22.603879,133.3444292,Route5
648.975,-22.6042012,133.3444996,Route5
648.888,-22.6047172,133.3445978,Route5
649.37,-22.6048252,133.3446151,Route5
650.338,-22.6050248,133.3446464,Route5
650.344,-22.6050277,133.3446468,Route5
650.786,-22.6052058,133.3446739,Route5
650.914,-22.6052497,133.3446806,Route5
650.645,-22.6053764,133.3446999,Route5
649.593,-22.6056127,133.3447281,Route5
648.709,-22.6057417,133.3447426,Route5
647.778,-22.6058822,133.3447584,Route5
647.515,-22.6059206,133.3447621,Route5
646.288,-22.6060998,133.3447795,Route5
646.253,-22.6061048,133.34478,Route5
646.236,-22.6062009,133.3447878,Route5
648.819,-22.6067429,133.3448257,Route5
649.365,-22.6073372,133.344847,Route5
648.505,-22.6078977,133.3448516,Route5
649.514,-22.6085379,133.3448649,Route5
649.436,-22.6091549,133.3448736,Route5
651.046,-22.6099281,133.3448857,Route5
650.602,-22.6106662,133.3448942,Route5
649.599,-22.6115003,133.3449084,Route5
649.286,-22.6122891,133.3449206,Route5
650.1,-22.6131734,133.3449343,Route5
650.875,-22.6139939,133.3449443,Route5
649.559,-22.6146521,133.3449512,Route5
650.791,-22.6155247,133.3449675,Route5
651.0,-22.6163763,133.344977,Route5
651.669,-22.6173292,133.3449892,Route5
651.001,-22.6180717,133.3449997,Route5
651.374,-22.6187192,133.3450108,Route5
652.0,-22.6194364,133.3450192,Route5
652.152,-22.6200122,133.3450314,Route5
652.609,-22.6206509,133.3450388,Route5
652.339,-22.6212053,133.3450484,Route5
652.774,-22.621326,133.3450493,Route5
653.881,-22.6218302,133.345056,Route5
654.121,-22.6223694,133.3450633,Route5
654.138,-22.6230093,133.3450726,Route5
653.96,-22.6235417,133.3450806,Route5
653.0,-22.624297,133.3450939,Route5
652.163,-22.6250364,133.3451045,Route5
653.033,-22.6256793,133.3451145,Route5
653.474,-22.6263186,133.3451245,Route5
653.987,-22.6269302,133.3451371,Route5
653.9,-22.6273625,133.3451558,Route5
653.863,-22.627831,133.3451884,Route5
654.39,-22.6282338,133.3452236,Route5
654.02,-22.6286256,133.3452722,Route5
654.0,-22.629037,133.3453347,Route5
653.566,-22.6294362,133.3454019,Route5
652.626,-22.6298144,133.3454738,Route5
653.51,-22.6301252,133.345539,Route5
653.855,-22.6303704,133.3455957,Route5
653.59,-22.6306573,133.3456695,Route5
653.474,-22.6307957,133.3457017,Route5
655.319,-22.6311997,133.3458144,Route5
658.431,-22.6316647,133.3459561,Route5
656.853,-22.6322217,133.346153,Route5
654.373,-22.6327561,133.3463601,Route5
654.777,-22.6328504,133.3463967,Route5
655.207,-22.6335473,133.3466945,Route5
656.344,-22.6342248,133.3469818,Route5
656.885,-22.634725,133.3471929,Route5
656.714,-22.6348028,133.3472257,Route5
656.584,-22.6351732,133.3473845,Route5
656.648,-22.6353212,133.3474457,Route5
656.316,-22.6355698,133.3475523,Route5
655.828,-22.6359231,133.347707,Route5
655.994,-22.6360659,133.3477682,Route5
656.09,-22.636199,133.3478256,Route5
655.797,-22.6375612,133.3484055,Route5
656.647,-22.6384314,133.3487663,Route5
656.032,-22.6386021,133.3488392,Route5
655.566,-22.6396521,133.3492872,Route5
655.102,-22.6399663,133.3494293,Route5
658.696,-22.646915,133.3524054,Route5
660.791,-22.6495328,133.3535162,Route5
659.259,-22.6498286,133.353629,Route5
661.0,-22.6511141,133.3541795,Route5
661.764,-22.6538709,133.3553612,Route5
660.363,-22.6547372,133.3557325,Route5
663.0,-22.6566031,133.3565354,Route5
664.996,-22.6627934,133.3591829,Route5
663.907,-22.6663068,133.3606856,Route5
663.091,-22.6704894,133.3624747,Route5
664.682,-22.6709913,133.3626894,Route5
665.545,-22.6714932,133.3629041,Route5
665.287,-22.6716605,133.3629757,Route5
668.343,-22.6785198,133.3659101,Route5
669.0,-22.6786872,133.3659817,Route5
669.0,-22.6788545,133.3660533,Route5
665.699,-22.683037,133.3678427,Route5
665.0,-22.686111,133.3691579,Route5
667.827,-22.687286,133.36966,Route5
668.817,-22.6876331,133.3698041,Route5
669.666,-22.6883256,133.3700928,Route5
669.009,-22.6887896,133.3702847,Route5
669.0,-22.6889467,133.3703507,Route5
667.566,-22.6924618,133.371849,Route5
665.954,-22.6948052,133.3728479,Route5
663.879,-22.6963117,133.3734901,Route5
664.0,-22.697316,133.3739182,Route5
664.0,-22.6974834,133.3739896,Route5
664.0,-22.6976508,133.374061,Route5
663.0,-22.6988224,133.3745604,Route5
659.569,-22.705903,133.377579,Route5
660.979,-22.7063544,133.3777726,Route5
661.125,-22.7065216,133.3778443,Route5
660.88,-22.7066889,133.377916,Route5
659.853,-22.7068493,133.3779848,Route5
660.612,-22.7093358,133.3790457,Route5
659.396,-22.7103694,133.3794913,Route5
658.536,-22.7105365,133.3795634,Route5
659.165,-22.7109763,133.379753,Route5
659.303,-22.7113724,133.3799231,Route5
659.008,-22.7115396,133.3799949,Route5
658.401,-22.7123757,133.3803539,Route5
658.395,-22.7125429,133.3804257,Route5
657.995,-22.7127977,133.3805351,Route5
658.067,-22.7128774,133.3805692,Route5
658.602,-22.7130447,133.3806408,Route5
661.999,-22.7155543,133.3817146,Route5
661.743,-22.7157216,133.3817862,Route5
656.938,-22.7185657,133.3830032,Route5
657.408,-22.718733,133.3830748,Route5
657.673,-22.7189003,133.3831464,Route5
658.428,-22.7217445,133.3843635,Route5
658.084,-22.7219118,133.3844351,Route5
655.897,-22.7239194,133.3852943,Route5
654.553,-22.7255924,133.3860103,Route5
653.729,-22.729898,133.387853,Route5
654.18,-22.730779,133.3882291,Route5
652.0,-22.7319505,133.3887293,Route5
652.0,-22.732163,133.38882,Route5
652.74,-22.734796,133.3899429,Route5
653.0,-22.7349634,133.3900143,Route5
649.079,-22.7358003,133.3903712,Route5
649.344,-22.7460105,133.3947259,Route5
648.49,-22.7461778,133.3947973,Route5
647.63,-22.7463452,133.3948687,Route5
648.0,-22.7468474,133.3950829,Route5
649.346,-22.7492646,133.396114,Route5
651.578,-22.7508638,133.3967983,Route5
651.789,-22.7510311,133.3968699,Route5
653.847,-22.7573226,133.3995621,Route5
653.211,-22.7575695,133.3996637,Route5
653.0,-22.7578239,133.399769,Route5
652.9,-22.7582849,133.3999663,Route5
648.627,-22.7624826,133.4017585,Route5
649.044,-22.7638481,133.4023435,Route5
646.984,-22.7666919,133.4035619,Route5
647.081,-22.7668592,133.4036336,Route5
644.545,-22.7696951,133.4048487,Route5
644.964,-22.77501,133.407125,Route5
644.802,-22.7762209,133.407639,Route5
644.245,-22.7763884,133.4077101,Route5
644.044,-22.7775968,133.408223,Route5
644.262,-22.7807396,133.4095689,Route5
644.285,-22.7817433,133.4099987,Route5
647.413,-22.7837509,133.4108585,Route5
647.046,-22.786093,133.4118616,Route5
646.435,-22.7864276,133.4120049,Route5
646.951,-22.7865948,133.4120765,Route5
649.372,-22.7912643,133.4140765,Route5
651.711,-22.791543,133.4141956,Route5
652.476,-22.7916146,133.4142236,Route5
652.579,-22.7917836,133.4142898,Route5
651.974,-22.7919516,133.4143599,Route5
651.918,-22.7919673,133.4143665,Route5
651.362,-22.7921218,133.4144228,Route5
651.231,-22.792158,133.414436,Route5
652.063,-22.7926346,133.4146051,Route5
650.339,-22.7931474,133.4147871,Route5
653.813,-22.7951988,133.4155151,Route5
654.122,-22.7953697,133.4155758,Route5
656.939,-22.7994942,133.4170395,Route5
657.477,-22.800635,133.4174469,Route5
657.624,-22.8011163,133.4176095,Route5
660.172,-22.803574,133.418492,Route5
659.781,-22.8042903,133.4187436,Route5
658.935,-22.8073163,133.419822,Route5
659.822,-22.807667,133.4199505,Route5
659.337,-22.8079826,133.4200785,Route5
658.812,-22.8083016,133.4202188,Route5
658.826,-22.8083154,133.4202261,Route5
659.675,-22.8086922,133.4204053,Route5
661.879,-22.8094722,133.4208301,Route5
661.0,-22.8099291,133.4211065,Route5
661.11,-22.8102324,133.4212977,Route5
659.249,-22.810807,133.4217094,Route5
660.044,-22.8109884,133.4218527,Route5
661.424,-22.8112225,133.4220428,Route5
660.616,-22.8114831,133.4222586,Route5
660.009,-22.811947,133.422667,Route5
660.906,-22.8125996,133.4232927,Route5
663.978,-22.8139759,133.424629,Route5
663.481,-22.8148781,133.4255049,Route5
664.104,-22.8157204,133.4263181,Route5
664.073,-22.8157348,133.426332,Route5
660.001,-22.8163919,133.426967,Route5
664.0,-22.817735,133.428265,Route5
665.567,-22.8205554,133.4309907,Route5
665.101,-22.8206897,133.4311205,Route5
668.788,-22.8224411,133.4328132,Route5
669.655,-22.8231931,133.4335231,Route5
668.242,-22.8242405,133.4344196,Route5
671.106,-22.8248023,133.4349017,Route5
668.716,-22.8277011,133.4373778,Route5
666.886,-22.8280872,133.437711,Route5
668.225,-22.8324598,133.441462,Route5
666.834,-22.8341002,133.4428632,Route5
666.731,-22.8342415,133.4429839,Route5
666.261,-22.8343829,133.4431046,Route5
666.242,-22.834388,133.443109,Route5
665.539,-22.8345238,133.4432259,Route5
665.351,-22.835933,133.4444385,Route5
665.507,-22.836074,133.4445598,Route5
665.411,-22.8362149,133.4446811,Route5
665.866,-22.8388924,133.4469853,Route5
664.206,-22.8397667,133.4477378,Route5
665.23,-22.84156,133.449278,Route5
664.996,-22.8419427,133.4496144,Route5
666.038,-22.8423608,133.4499791,Route5
665.755,-22.8432305,133.4507251,Route5
666.306,-22.8433986,133.4508706,Route5
666.465,-22.8435392,133.4509923,Route5
665.742,-22.8436798,133.451114,Route5
664.798,-22.8438204,133.4512357,Route5
664.787,-22.8438221,133.4512372,Route5
665.539,-22.8442448,133.4515974,Route5
663.809,-22.8453273,133.4525198,Route5
662.024,-22.8466054,133.4536197,Route5
663.873,-22.847204,133.4541289,Route5
661.228,-22.8476867,133.4545456,Route5
661.091,-22.8511609,133.4575253,Route5
659.735,-22.8521487,133.4583725,Route5
660.65,-22.8534186,133.4594618,Route5
660.306,-22.8541242,133.460067,Route5
659.405,-22.8542653,133.460188,Route5
658.259,-22.8544064,133.460309,Route5
656.502,-22.8614617,133.4663611,Route5
654.425,-22.8679523,133.4719296,Route5
654.203,-22.8693633,133.4731402,Route5
655.397,-22.8716209,133.4750772,Route5
655.126,-22.871762,133.4751983,Route5
654.276,-22.871903,133.4753193,Route5
651.0,-22.8800865,133.4823416,Route5
649.304,-22.882621,133.4845169,Route5
641.0,-22.9040617,133.5029412,Route5
641.477,-22.9108305,133.5087593,Route5
638.282,-22.9147677,133.5121439,Route5
636.0,-22.9207015,133.5172446,Route5
638.878,-22.9222526,133.5185781,Route5
638.79,-22.9230052,133.519225,Route5
638.521,-22.923381,133.5195474,Route5
638.062,-22.9235221,133.5196685,Route5
637.421,-22.9243689,133.520395,Route5
636.659,-22.9257801,133.5216057,Route5
637.528,-22.926768,133.5224533,Route5
635.0,-22.9281792,133.5236641,Route5
635.0,-22.9283203,133.5237851,Route5
634.378,-22.9312839,133.526328,Route5
635.935,-22.9321305,133.5270545,Route5
636.612,-22.9325539,133.5274178,Route5
635.554,-22.932695,133.5275389,Route5
634.116,-22.9332595,133.5280232,Route5
633.633,-22.934786,133.529333,Route5
633.021,-22.9351986,133.529728,Route5
634.408,-22.935377,133.529915,Route5
635.5,-22.9357196,133.5303206,Route5
635.852,-22.9359542,133.5306112,Route5
637.0,-22.9363085,133.531087,Route5
636.323,-22.936667,133.531577,Route5
636.0,-22.936866,133.5318327,Route5
636.124,-22.9371563,133.5321769,Route5
636.0,-22.937389,133.532439,Route5
635.125,-22.93783,133.5328714,Route5
635.0,-22.93804,133.5330569,Route5
634.563,-22.9411205,133.5357025,Route5
635.619,-22.9414026,133.5359448,Route5
636.018,-22.9416848,133.5361871,Route5
637.0,-22.9426723,133.5370352,Route5
636.526,-22.9443652,133.5384892,Route5
637.946,-22.949483,133.542885,Route5
635.442,-22.9503825,133.5436399,Route5
636.332,-22.9507777,133.5439811,Route5
637.86,-22.9530945,133.5459777,Route5
641.492,-22.9543013,133.5470148,Route5
638.434,-22.9547244,133.5473785,Route5
638.001,-22.9548654,133.5474997,Route5
641.248,-22.9585324,133.5506515,Route5
641.831,-22.9586734,133.5507727,Route5
642.272,-22.9592376,133.5512576,Route5
642.201,-22.9593786,133.5513788,Route5
642.692,-22.9595197,133.5515001,Route5
642.163,-22.9619173,133.5535609,Route5
640.922,-22.9628596,133.5543709,Route5
641.397,-22.9630922,133.5545714,Route5
641.403,-22.9631114,133.5545845,Route5
641.397,-22.9631266,133.5545926,Route5
641.367,-22.9631548,133.554603,Route5
641.326,-22.9631814,133.55461,Route5
641.283,-22.9632044,133.5546141,Route5
641.271,-22.9632107,133.5546152,Route5
641.161,-22.963265,133.5546267,Route5
641.059,-22.9633098,133.5546389,Route5
641.0,-22.9633364,133.5546481,Route5
641.0,-22.9633535,133.5546557,Route5
641.0,-22.9634072,133.5546794,Route5
641.0,-22.9634318,133.5546927,Route5
640.921,-22.9634994,133.5547442,Route5
642.974,-22.9647287,133.5558049,Route5
641.0,-22.9673095,133.5580312,Route5
641.0,-22.9673315,133.55805,Route5
643.954,-22.9683202,133.5588966,Route5
644.427,-22.9684614,133.5590175,Route5
645.743,-22.9686027,133.5591385,Route5
643.901,-22.9691942,133.559645,Route5
643.803,-22.9692214,133.5596664,Route5
643.736,-22.96924,133.5596878,Route5
643.68,-22.9692555,133.5597161,Route5
643.755,-22.9692789,133.5597664,Route5
643.857,-22.9692959,133.5598116,Route5
643.973,-22.9693167,133.5598648,Route5
644.026,-22.9693321,133.5598949,Route5
644.051,-22.9693401,133.5599099,Route5
644.063,-22.9693513,133.5599244,Route5
644.066,-22.9693625,133.5599365,Route5
644.063,-22.969378,133.559951,Route5
643.071,-22.9702405,133.5606831,Route5
645.751,-22.9712833,133.5615708,Route5
643.021,-22.9758412,133.5654852,Route5
644.0,-22.9806209,133.5695911,Route5
645.239,-22.9824158,133.5711288,Route5
643.0,-22.9828427,133.5714977,Route5
645.905,-22.9858558,133.5741134,Route5
645.723,-22.9876338,133.5756123,Route5
647.561,-22.9944034,133.5814358,Route5
647.799,-22.9944901,133.5815104,Route5
647.973,-22.9945445,133.581557,Route5
648.665,-22.9946856,133.5816781,Route5
647.849,-22.9948267,133.5817992,Route5
646.922,-22.9952502,133.5821624,Route5
650.902,-23.0004502,133.5866229,Route5
652.588,-23.0042812,133.5899169,Route5
651.043,-23.0049864,133.5905232,Route5
655.222,-23.0065378,133.5918572,Route5
656.0,-23.0069609,133.592221,Route5
655.568,-23.0071019,133.5923422,Route5
655.187,-23.007243,133.5924635,Route5
655.405,-23.007384,133.5925848,Route5
654.325,-23.0093908,133.5943106,Route5
656.528,-23.0123562,133.596856,Route5
657.053,-23.016682,133.6005647,Route5
657.399,-23.0178764,133.6015983,Route5
656.548,-23.019431,133.6029378,Route5
658.806,-23.0213349,133.6045753,Route5
659.523,-23.0216966,133.604885,Route5
659.0,-23.023988,133.6068598,Route5
661.814,-23.0309788,133.6128766,Route5
663.0,-23.036349,133.6175083,Route5
662.323,-23.0395342,133.6202532,Route5
662.462,-23.0402841,133.6208982,Route5
661.962,-23.0416919,133.6221052,Route5
663.45,-23.0445971,133.6246007,Route5
664.386,-23.045726,133.6255704,Route5
664.775,-23.050861,133.6299817,Route5
667.044,-23.0531848,133.6319674,Route5
668.771,-23.0556469,133.6340826,Route5
668.708,-23.0564917,133.634816,Route5
670.0,-23.0567991,133.6350827,Route5
670.0,-23.0569051,133.6351672,Route5
667.847,-23.0586609,133.6366756,Route5
667.611,-23.0601638,133.6379609,Route5
672.527,-23.0647149,133.6418853,Route5
672.142,-23.073862,133.6497361,Route5
675.011,-23.0808277,133.6557067,Route5
675.0,-23.0809691,133.6558278,Route5
674.0,-23.0813609,133.6561636,Route5
674.015,-23.0813931,133.6561913,Route5
674.733,-23.0815926,133.6563622,Route5
677.0,-23.0920297,133.6653107,Route5
677.0,-23.0922934,133.6655404,Route5
677.216,-23.0949867,133.6678478,Route5
677.458,-23.0954844,133.6682749,Route5
676.538,-23.0967949,133.6693955,Route5
675.232,-23.0977708,133.6702272,Route5
675.01,-23.0980578,133.6704752,Route5
681.172,-23.1003176,133.6724122,Route5
680.306,-23.1006002,133.6726544,Route5
679.659,-23.1007414,133.6727754,Route5
678.471,-23.1008827,133.6728965,Route5
675.485,-23.1035857,133.6752133,Route5
675.773,-23.1041319,133.6756803,Route5
677.239,-23.104273,133.6758009,Route5
677.927,-23.1044147,133.675922,Route5
678.099,-23.1045558,133.6760425,Route5
680.522,-23.1093876,133.6801824,Route5
679.978,-23.1101169,133.6807953,Route5
679.952,-23.1119089,133.6823266,Route5
677.198,-23.1124742,133.68281,Route5
678.673,-23.1128985,133.6831725,Route5
678.992,-23.1130399,133.6832933,Route5
679.696,-23.1145305,133.6845669,Route5
681.23,-23.1151568,133.6851134,Route5
683.0,-23.1156035,133.6855032,Route5
682.354,-23.1170953,133.6867635,Route5
682.356,-23.1176789,133.6872638,Route5
683.31,-23.1189522,133.6883561,Route5
685.985,-23.120206,133.6894281,Route5
685.564,-23.1213849,133.6904344,Route5
685.0,-23.1222538,133.6911674,Route5
687.46,-23.1233201,133.6920723,Route5
689.59,-23.1256695,133.6940591,Route5
689.627,-23.1265108,133.6947744,Route5
690.57,-23.1266524,133.6948948,Route5
690.985,-23.1269359,133.6951357,Route5
690.648,-23.1272192,133.6953766,Route5
690.0,-23.127361,133.6954972,Route5
691.0,-23.1302118,133.6979209,Route5
692.012,-23.132009,133.6994488,Route5
691.918,-23.1322449,133.6996485,Route5
691.204,-23.1328621,133.7001971,Route5
691.865,-23.1336425,133.7008299,Route5
694.484,-23.1343549,133.7014552,Route5
694.476,-23.1343938,133.7014888,Route5
693.485,-23.1404743,133.7067455,Route5
695.093,-23.1486298,133.7136389,Route5
696.289,-23.1500347,133.7148373,Route5
695.694,-23.1525851,133.7170406,Route5
697.807,-23.1536198,133.7180003,Route5
698.817,-23.157899,133.7216158,Route5
698.07,-23.1591764,133.7227005,Route5
699.534,-23.1612391,133.7244469,Route5
702.813,-23.1641305,133.7269264,Route5
700.0,-23.1688586,133.7309884,Route5
700.038,-23.1730747,133.7347165,Route5
702.0,-23.1778852,133.7388543,Route5
702.88,-23.1798161,133.7405053,Route5
704.931,-23.1806658,133.7412381,Route5
704.106,-23.1808067,133.7413597,Route5
703.314,-23.1809476,133.7414813,Route5
703.527,-23.1813322,133.741813,Route5
703.76,-23.182874,133.7431411,Route5
702.6,-23.1836274,133.7437883,Route5
702.508,-23.1837685,133.7439096,Route5
703.091,-23.1864547,133.7462175,Route5
704.253,-23.1924039,133.7513279,Route5
703.72,-23.1930947,133.7518995,Route5
704.844,-23.1984839,133.7565593,Route5
702.085,-23.1989125,133.7569299,Route5
703.985,-23.1992856,133.757215,Route5
704.652,-23.1998189,133.7576043,Route5
703.403,-23.2002641,133.757881,Route5
703.197,-23.2009579,133.7582787,Route5
702.962,-23.2013994,133.7585074,Route5
702.396,-23.2015567,133.7585815,Route5
703.842,-23.202346,133.7589328,Route5
704.0,-23.2027961,133.7590972,Route5
704.0,-23.2029216,133.7591427,Route5
702.525,-23.2035526,133.7593239,Route5
704.0,-23.2042777,133.7595014,Route5
703.396,-23.2049571,133.759643,Route5
703.087,-23.2052795,133.7596999,Route5
703.443,-23.2053999,133.7597212,Route5
704.0,-23.2057159,133.7597509,Route5
704.0,-23.2061323,133.7597836,Route5
703.63,-23.2064916,133.7598135,Route5
703.053,-23.2069834,133.7598274,Route5
703.402,-23.2072632,133.759805,Route5
703.691,-23.2073813,133.7597992,Route5
703.0,-23.2078827,133.759784,Route5
702.272,-23.2082937,133.7597431,Route5
702.317,-23.2084075,133.7597302,Route5
703.97,-23.2088805,133.7596898,Route5
707.017,-23.2097004,133.7595979,Route5
704.26,-23.2107612,133.7595423,Route5
703.656,-23.2116053,133.7595356,Route5
706.577,-23.212242,133.7595849,Route5
704.83,-23.2130886,133.7596749,Route5
704.861,-23.2131591,133.7596837,Route5
705.236,-23.2138233,133.7598035,Route5
704.301,-23.2142826,133.7599164,Route5
704.505,-23.2145805,133.7599917,Route5
703.367,-23.2150614,133.7601469,Route5
705.079,-23.2171259,133.7608115,Route5
707.163,-23.2197674,133.7616667,Route5
705.495,-23.2206261,133.7619376,Route5
708.339,-23.2211845,133.7621121,Route5
704.0,-23.2226863,133.7625924,Route5
707.0,-23.2237872,133.7629523,Route5
708.084,-23.2326352,133.7658007,Route5
707.755,-23.2338507,133.76619,Route5
710.785,-23.2348388,133.7665131,Route5
708.0,-23.2355576,133.7667467,Route5
707.688,-23.2364188,133.7670251,Route5
709.442,-23.2371479,133.7672708,Route5
709.879,-23.2376436,133.7674302,Route5
711.389,-23.2382821,133.7676345,Route5
710.976,-23.2388569,133.7678163,Route5
709.054,-23.2393741,133.7679968,Route5
709.923,-23.2400356,133.7682214,Route5
708.842,-23.2406822,133.7684294,Route5
709.606,-23.2412718,133.7686292,Route5
707.171,-23.2419432,133.7688448,Route5
707.72,-23.2425853,133.7690544,Route5
707.455,-23.2431189,133.769238,Route5
709.0,-23.2437291,133.7694445,Route5
709.681,-23.2442613,133.7696274,Route5
711.18,-23.2449193,133.7698554,Route5
709.644,-23.2456415,133.7700894,Route5
711.291,-23.2465576,133.7703963,Route5
711.385,-23.2467108,133.7704487,Route5
708.319,-23.2474114,133.770663,Route5
709.626,-23.2479488,133.7708409,Route5
708.76,-23.2485681,133.7710321,Route5
707.645,-23.2490159,133.7711734,Route5
707.563,-23.2493017,133.7712674,Route5
707.922,-23.249559,133.7713521,Route5
708.347,-23.2498186,133.771436,Route5
709.0,-23.2501315,133.7715372,Route5
708.605,-23.2506653,133.7717071,Route5
707.0,-23.251112,133.7718538,Route5
707.28,-23.2516286,133.7720221,Route5
707.794,-23.2520671,133.7721649,Route5
709.079,-23.2525594,133.7723251,Route5
709.582,-23.2531848,133.7725281,Route5
708.556,-23.2535056,133.7726291,Route5
707.141,-23.2538496,133.7727316,Route5
707.093,-23.2541066,133.7727922,Route5
707.721,-23.2542812,133.7728318,Route5
708.423,-23.2546458,133.7728954,Route5
709.67,-23.2551414,133.7729621,Route5
710.586,-23.2554774,133.7730044,Route5
710.943,-23.2556782,133.7730274,Route5
711.013,-23.2560705,133.7730795,Route5
710.012,-23.2566634,133.7732103,Route5
709.152,-23.2569917,133.7733038,Route5
709.681,-23.2573107,133.7734069,Route5
709.042,-23.2579572,133.7736229,Route5
710.72,-23.2586889,133.7738651,Route5
710.0,-23.2593569,133.7740842,Route5
709.0,-23.2599738,133.7742857,Route5
709.238,-23.2603439,133.7744018,Route5
710.0,-23.2607253,133.7745098,Route5
710.0,-23.2613557,133.7745751,Route5
708.089,-23.262247,133.7747883,Route5
708.415,-23.2623374,133.7748119,Route5
709.612,-23.2634462,133.7750964,Route5
710.625,-23.26405,133.7752652,Route5
711.0,-23.2643221,133.7753411,Route5
710.953,-23.2649518,133.7755396,Route5
710.388,-23.2657272,133.7757817,Route5
711.0,-23.2664613,133.7760138,Route5
710.0,-23.2671517,133.7762387,Route5
709.535,-23.2679628,133.776499,Route5
708.348,-23.2687146,133.7767358,Route5
708.282,-23.2694655,133.7769754,Route5
709.234,-23.2700351,133.7771645,Route5
709.187,-23.2700933,133.7771833,Route5
708.94,-23.2702658,133.777239,Route5
710.63,-23.2706106,133.7773505,Route5
710.734,-23.2707039,133.7773807,Route5
710.368,-23.2716162,133.7776755,Route5
709.011,-23.2727376,133.7780336,Route5
708.184,-23.2736338,133.7783049,Route5
709.013,-23.274696,133.7786485,Route5
711.395,-23.2756146,133.7789524,Route5
710.263,-23.2757867,133.7790093,Route5
710.137,-23.2758087,133.7790166,Route5
709.273,-23.2764213,133.7792158,Route5
709.48,-23.277563,133.7795777,Route5
710.523,-23.2783478,133.7798316,Route5
707.44,-23.2791346,133.7800901,Route5
708.201,-23.279855,133.7803845,Route5
705.481,-23.2815172,133.780863,Route5
706.031,-23.281967,133.781004,Route5
706.568,-23.2827875,133.7812745,Route5
706.552,-23.2840044,133.7816729,Route5
706.546,-23.2840056,133.7816733,Route5
705.296,-23.2842224,133.7817443,Route5
703.96,-23.2849148,133.7819603,Route5
702.0,-23.2862555,133.7824097,Route5
704.0,-23.2871481,133.7826987,Route5
704.328,-23.2886485,133.7831849,Route5
704.283,-23.2897994,133.7835325,Route5
703.411,-23.2914778,133.7840961,Route5
703.05,-23.2919844,133.7842633,Route5
702.71,-23.2927876,133.7845178,Route5
702.468,-23.2928593,133.7845383,Route5
702.211,-23.2929499,133.7845682,Route5
702.057,-23.2930194,133.7845999,Route5
701.87,-23.2931972,133.7846516,Route5
702.04,-23.2934747,133.784744,Route5
701.981,-23.295304,133.7853329,Route5
703.129,-23.296797,133.785809,Route5
703.051,-23.3000437,133.7868543,Route5
703.812,-23.3013341,133.7872745,Route5
703.0,-23.302824,133.7877558,Route5
702.927,-23.3035909,133.7880035,Route5
703.977,-23.3045553,133.788317,Route5
702.341,-23.3052494,133.7885372,Route5
702.171,-23.3061587,133.7888298,Route5
703.03,-23.3071321,133.7891409,Route5
703.533,-23.3081853,133.78948,Route5
703.043,-23.3083215,133.7895245,Route5
703.535,-23.3096254,133.7899503,Route5
704.286,-23.310754,133.7903075,Route5
701.102,-23.3124691,133.790857,Route5
701.084,-23.3125234,133.790885,Route5
704.991,-23.31575,133.7919419,Route5
706.046,-23.3165547,133.7922008,Route5
705.581,-23.3167417,133.7922635,Route5
704.848,-23.3168958,133.7923132,Route5
704.556,-23.318015,133.792681,Route5
709.0,-23.3241319,133.7946757,Route5
718.974,-23.3380884,133.7992278,Route5
717.747,-23.338433,133.7993402,Route5
716.855,-23.3386053,133.7993964,Route5
717.0,-23.3399837,133.799846,Route5
717.198,-23.340156,133.7999022,Route5
716.255,-23.3406729,133.8000709,Route5
715.043,-23.343602,133.8010264,Route5
719.0,-23.3458419,133.8017571,Route5
719.0,-23.3460142,133.8018133,Route5
718.802,-23.3461865,133.8018695,Route5
716.465,-23.3470481,133.8021506,Route5
716.057,-23.3473926,133.802263,Route5
716.152,-23.3475649,133.8023192,Route5
716.383,-23.3477372,133.8023754,Route5
715.807,-23.3539401,133.8043992,Route5
716.906,-23.3549739,133.8047365,Route5
717.0,-23.3551462,133.8047927,Route5
717.013,-23.3553185,133.8048489,Route5
716.757,-23.3554908,133.8049051,Route5
714.018,-23.3572397,133.8054758,Route5
716.517,-23.3582475,133.8058047,Route5
716.958,-23.364256,133.807766,Route5
718.417,-23.3850927,133.8145602,Route5
718.549,-23.385194,133.814597,Route5
718.136,-23.3863116,133.8149606,Route5
715.537,-23.39363,133.8173509,Route5
715.002,-23.3950081,133.8178007,Route5
715.005,-23.3950149,133.8178029,Route5
716.44,-23.3956965,133.8180258,Route5
715.532,-23.3960486,133.8181408,Route5
715.308,-23.3962209,133.8181971,Route5
715.016,-23.3963932,133.8182533,Route5
715.636,-23.3965655,133.8183096,Route5
714.019,-23.3987954,133.8190377,Route5
711.769,-23.4010341,133.819769,Route5
712.896,-23.402251,133.8201666,Route5
712.003,-23.4025827,133.820275,Route5
712.0,-23.4025956,133.8202792,Route5
712.809,-23.4039739,133.8207293,Route5
712.287,-23.4041328,133.8207811,Route5
712.0,-23.4043049,133.8208374,Route5
712.0,-23.4043185,133.8208419,Route5
713.924,-23.4086091,133.8222434,Route5
712.556,-23.4087981,133.822305,Route5
711.853,-23.4089704,133.8223613,Route5
711.418,-23.4091257,133.822412,Route5
711.357,-23.4091427,133.8224176,Route5
711.585,-23.4092975,133.8224683,Route5
711.627,-23.4093149,133.822474,Route5
713.0,-23.4142904,133.8240993,Route5
713.619,-23.4146559,133.8242187,Route5
713.506,-23.4151727,133.8243875,Route5
713.2,-23.4155173,133.8245001,Route5
713.0,-23.4158395,133.8246053,Route5
713.0,-23.4158619,133.8246126,Route5
713.0,-23.4160118,133.8246616,Route5
713.0,-23.4160342,133.8246689,Route5
717.149,-23.4223822,133.826743,Route5
717.022,-23.4224088,133.8267517,Route5
716.327,-23.4225545,133.8267992,Route5
716.2,-23.4225811,133.8268079,Route5
714.708,-23.4242875,133.8273656,Route5
716.093,-23.4263803,133.8280465,Route5
712.893,-23.4305259,133.8293938,Route5
714.102,-23.4308617,133.829503,Route5
714.723,-23.4310341,133.8295591,Route5
714.007,-23.4315511,133.8297272,Route5
712.052,-23.4355343,133.8310222,Route5
711.52,-23.4357068,133.8310783,Route5
712.699,-23.4363972,133.8313028,Route5
714.59,-23.4412249,133.8328724,Route5
713.691,-23.4423754,133.8332466,Route5
715.659,-23.4529531,133.8366876,Route5
714.897,-23.4555384,133.8375287,Route5
714.307,-23.4557107,133.8375848,Route5
714.0,-23.4559912,133.8376761,Route5
713.761,-23.4565082,133.8378443,Route5
713.581,-23.4566806,133.8379003,Route5
713.93,-23.4569172,133.8379773,Route5
713.754,-23.4570253,133.8380125,Route5
718.0,-23.462267,133.839718,Route5
718.0,-23.4625382,133.8398066,Route5
717.294,-23.462974,133.839949,Route5
717.046,-23.463346,133.84007,Route5
717.496,-23.4642367,133.8403602,Route5
722.372,-23.4681955,133.8416437,Route5
725.001,-23.479328,133.8452769,Route5
725.429,-23.4821341,133.8461816,Route5
727.391,-23.486202,133.8475176,Route5
727.0,-23.487372,133.847906,Route5
727.992,-23.4911599,133.8491538,Route5
729.0,-23.4966704,133.8509658,Route5
727.792,-23.5011398,133.8524357,Route5
728.515,-23.5017246,133.8526346,Route5
728.0,-23.5024694,133.8528745,Route5
727.764,-23.5032655,133.8531423,Route5
727.79,-23.5041082,133.8534138,Route5
727.121,-23.5048091,133.8536448,Route5
727.207,-23.5051742,133.853765,Route5
726.324,-23.5054656,133.8538658,Route5
728.1,-23.509625,133.8552352,Route5
726.944,-23.5146375,133.8568936,Route5
727.172,-23.5166148,133.8575478,Route5
725.769,-23.5187388,133.8582475,Route5
728.021,-23.5214492,133.8591404,Route5
728.0,-23.522138,133.8593671,Route5
728.0,-23.5223102,133.8594238,Route5
729.394,-23.5237644,133.8599024,Route5
727.01,-23.5265667,133.8608253,Route5
725.219,-23.5282743,133.8613878,Route5
723.371,-23.5324068,133.8627487,Route5
723.966,-23.5342634,133.8633601,Route5
723.176,-23.5348759,133.8635623,Route5
723.0,-23.5359849,133.8639285,Route5
723.785,-23.5363292,133.8640422,Route5
721.589,-23.5398859,133.8652165,Route5
720.178,-23.5415358,133.8657281,Route5
719.974,-23.5427875,133.8660371,Route5
719.268,-23.5440644,133.8662712,Route5
716.264,-23.5459415,133.866509,Route5
715.996,-23.5461135,133.8665308,Route5
715.984,-23.5461201,133.8665316,Route5
715.734,-23.5462922,133.8665534,Route5
716.448,-23.5498091,133.866999,Route5
717.116,-23.5500494,133.8670404,Route5
717.435,-23.5502204,133.8670698,Route5
717.195,-23.5503981,133.8671004,Route5
717.176,-23.5504047,133.8671015,Route5
714.794,-23.5517593,133.8673345,Route5
710.0,-23.5537473,133.8678307,Route5
710.0,-23.5537539,133.8678323,Route5
709.986,-23.5539003,133.8678689,Route5
709.965,-23.5539223,133.867876,Route5
709.96,-23.5539287,133.8678781,Route5
713.147,-23.555798,133.8684846,Route5
713.795,-23.5566702,133.8688291,Route5
714.68,-23.5571713,133.8690269,Route5
714.312,-23.5573404,133.8690937,Route5
714.298,-23.5573467,133.8690962,Route5
713.944,-23.5575095,133.8691605,Route5
713.931,-23.5575158,133.869163,Route5
713.089,-23.558186,133.8694277,Route5
713.041,-23.5581923,133.8694302,Route5
711.756,-23.5583551,133.8694945,Route5
711.729,-23.5583614,133.869497,Route5
707.31,-23.56056,133.8703653,Route5
705.838,-23.5615685,133.8707636,Route5
705.838,-23.5615747,133.8707661,Route5
705.721,-23.5617439,133.8708329,Route5
705.335,-23.5619067,133.8708972,Route5
705.325,-23.561913,133.8708997,Route5
707.0,-23.5625895,133.8711669,Route5
707.0,-23.5627523,133.8712312,Route5
707.0,-23.5627586,133.8712337,Route5
710.829,-23.5644498,133.8719016,Route5
710.347,-23.5646127,133.871966,Route5
709.321,-23.5647818,133.8720328,Route5
707.501,-23.5659719,133.8725029,Route5
707.135,-23.5660737,133.8725431,Route5
706.769,-23.5661754,133.8725834,Route5
706.069,-23.5663697,133.8726539,Route5
707.142,-23.5678943,133.8732476,Route5
706.829,-23.5680637,133.8733136,Route5
706.303,-23.5684024,133.8734455,Route5
707.931,-23.56908,133.8737094,Route5
702.0,-23.5717904,133.8747648,Route5
702.0,-23.5719598,133.8748308,Route5
702.0,-23.5721292,133.8748968,Route5
704.243,-23.5758558,133.8763482,Route5
706.038,-23.5760253,133.8764142,Route5
706.671,-23.5761947,133.8764802,Route5
704.866,-23.576769,133.8767039,Route5
704.0,-23.5774778,133.8769509,Route5
704.178,-23.5778828,133.8770915,Route5
704.257,-23.5779844,133.8771264,Route5
700.966,-23.5792453,133.8775074,Route5
697.045,-23.5803023,133.8777652,Route5
696.969,-23.5804338,133.8777973,Route5
696.969,-23.5804779,133.8778081,Route5
696.987,-23.5805321,133.8778213,Route5
699.079,-23.5817982,133.8780776,Route5
698.321,-23.5827499,133.8782442,Route5
698.175,-23.5831289,133.8782948,Route5
699.782,-23.5838283,133.8783874,Route5
698.74,-23.5843811,133.8784354,Route5
696.893,-23.5853407,133.8785186,Route5
697.766,-23.5856876,133.8785461,Route5
688.688,-23.5889173,133.8787925,Route5
688.925,-23.5890967,133.8788062,Route5
688.606,-23.5892761,133.8788199,Route5
682.021,-23.5926852,133.87908,Route5
678.55,-23.5937618,133.8791622,Route5
678.967,-23.5939412,133.8791759,Route5
678.917,-23.5941206,133.8791896,Route5
678.451,-23.5943,133.8792033,Route5
673.068,-23.5984268,133.8795183,Route5
673.053,-23.5986063,133.879532,Route5
672.278,-23.5987857,133.8795457,Route5
670.106,-23.6000417,133.8796415,Route5
670.604,-23.6002211,133.8796552,Route5
671.335,-23.6004005,133.8796689,Route5
672.687,-23.600651,133.879688,Route5
674.272,-23.6009089,133.8797141,Route5
674.855,-23.601698,133.8797939,Route5
680.046,-23.6043256,133.8802047,Route5
679.925,-23.6048597,133.8802882,Route5
679.893,-23.6048876,133.8802926,Route5
679.788,-23.6050086,133.8803115,Route5
679.86,-23.6050378,133.8803161,Route5
679.93,-23.6050657,133.8803204,Route5
681.768,-23.6064621,133.8805388,Route5
681.907,-23.6064901,133.8805432,Route5
682.347,-23.606578,133.8805569,Route5
682.556,-23.6066112,133.8805597,Route5
682.741,-23.6066406,133.8805622,Route5
681.515,-23.607623,133.8806459,Route5
679.448,-23.6078672,133.8806498,Route5
679.267,-23.6078967,133.8806503,Route5
679.094,-23.6079249,133.8806508,Route5
678.097,-23.6080765,133.8806532,Route5
674.453,-23.608496,133.88066,Route5
672.892,-23.609351,133.8806189,Route5
671.866,-23.6101995,133.8805183,Route5
671.853,-23.6102288,133.8805148,Route5
671.847,-23.610244,133.880513,Route5
671.839,-23.6102568,133.8805107,Route5
669.274,-23.61111,133.880354,Route5
670.107,-23.612382,133.8800189,Route5
670.429,-23.6126806,133.8799055,Route5
670.552,-23.6128226,133.8798516,Route5
670.577,-23.6128505,133.879841,Route5
670.462,-23.6135566,133.8795729,Route5
670.391,-23.613609,133.879553,Route5
661.481,-23.614599,133.8790739,Route5
661.39,-23.6150712,133.8787991,Route5
662.553,-23.6157091,133.8784025,Route5
663.983,-23.6160168,133.8781979,Route5
664.833,-23.6161649,133.878102,Route5
664.015,-23.6169403,133.8775311,Route5
663.552,-23.6169864,133.8774912,Route5
658.228,-23.6182294,133.8763593,Route5
658.127,-23.6182427,133.8763472,Route5
663.647,-23.6197348,133.8750763,Route5
663.13,-23.6199403,133.8749243,Route5
663.472,-23.6200892,133.8748141,Route5
663.474,-23.6202381,133.8747039,Route5
664.693,-23.6209892,133.8741483,Route5
668.251,-23.6214423,133.873845,Route5
668.446,-23.6215956,133.8737423,Route5
668.284,-23.6217418,133.8736444,Route5
668.262,-23.621749,133.8736398,Route5
667.071,-23.6219048,133.8735417,Route5
662.55,-23.6228732,133.8729315,Route5
654.636,-23.6244393,133.8720558,Route5
655.479,-23.6245994,133.8719663,Route5
658.968,-23.6266804,133.8708026,Route5
654.535,-23.627801,133.870176,Route5
654.262,-23.6292691,133.8693549,Route5
652.134,-23.6300373,133.8689128,Route5
653.194,-23.6301964,133.8688212,Route5
653.476,-23.6309919,133.8683634,Route5
652.847,-23.6313121,133.8681791,Route5
652.769,-23.6317898,133.8679105,Route5
652.136,-23.6319497,133.8678207,Route5
651.305,-23.6321096,133.8677308,Route5
650.972,-23.6324916,133.8675161,Route5
654.318,-23.6339309,133.8665193,Route5
652.033,-23.6343842,133.8661533,Route5
651.965,-23.6345287,133.8660366,Route5
651.865,-23.6346733,133.8659198,Route5
651.6,-23.6348179,133.8658031,Route5
651.468,-23.6349364,133.8657074,Route5
652.88,-23.6355012,133.8651654,Route5
652.237,-23.6356362,133.8650358,Route5
646.731,-23.6363535,133.8643475,Route5
643.599,-23.6368612,133.8639005,Route5
641.403,-23.6375419,133.8634035,Route5
641.515,-23.637622,133.8633544,Route5
641.463,-23.6377788,133.8632581,Route5
641.684,-23.6379355,133.8631619,Route5
642.161,-23.6380826,133.8630716,Route5
640.147,-23.6386743,133.8627666,Route5
638.708,-23.6392751,133.8625137,Route5
637.197,-23.6398488,133.8623228,Route5
637.261,-23.6405056,133.8621497,Route5
637.184,-23.6407035,133.8621127,Route5
637.149,-23.6407335,133.8621069,Route5
636.0,-23.6411182,133.8620379,Route5
636.494,-23.6415262,133.8619897,Route5
637.068,-23.6419647,133.8619622,Route5
637.221,-23.6420091,133.8619588,Route5
639.374,-23.6426344,133.861975,Route5
640.914,-23.6430808,133.8619985,Route5
638.405,-23.6447036,133.8620806,Route5
641.478,-23.6454569,133.8621188,Route5
638.935,-23.6458081,133.8621364,Route5
628.293,-23.6465389,133.8621696,Route5
631.693,-23.6473338,133.8622102,Route5
640.719,-23.6482322,133.8622542,Route5
642.01,-23.6484184,133.8622633,Route5
642.572,-23.6485916,133.8622719,Route5
642.002,-23.6487713,133.8622808,Route5
641.449,-23.6491306,133.8622987,Route5
641.661,-23.64949,133.8623165,Route5
641.629,-23.6496697,133.8623254,Route5
640.682,-23.6498493,133.8623343,Route5
639.447,-23.650029,133.8623432,Route5
638.732,-23.6502087,133.8623521,Route5
637.158,-23.6505356,133.8623683,Route5
634.728,-23.6509272,133.8623916,Route5
626.514,-23.6518252,133.8624449,Route5
625.531,-23.6520048,133.8624556,Route5
624.148,-23.652187,133.8624664,Route5
620.17,-23.6529038,133.8624763,Route5
619.951,-23.6529367,133.8624768,Route5
620.086,-23.6533246,133.8624684,Route5
620.446,-23.6536211,133.8624431,Route5
621.475,-23.6539194,133.8624188,Route5
620.95,-23.6540992,133.8624018,Route5
620.559,-23.6545081,133.8623446,Route5
616.992,-23.6551878,133.862238,Route5
611.947,-23.6559725,133.8620497,Route5
611.01,-23.6563407,133.8619467,Route5
609.089,-23.6568219,133.8617906,Route5
608.189,-23.657082,133.8617015,Route5
608.0,-23.6572537,133.8616428,Route5
608.0,-23.6574955,133.86156,Route5
610.605,-23.6585663,133.8611498,Route5
607.432,-23.6593671,133.8608605,Route5
606.871,-23.6595987,133.8607741,Route5
606.388,-23.6598315,133.8606983,Route5
605.642,-23.660051,133.8606395,Route5
605.807,-23.6602803,133.8605837,Route5
607.422,-23.660597,133.8605212,Route5
609.268,-23.6608408,133.8604886,Route5
610.238,-23.6610988,133.860477,Route5
610.44,-23.661247,133.8604734,Route5
610.548,-23.6613348,133.8604712,Route5
610.63,-23.6616279,133.8604944,Route5
609.121,-23.6619422,133.8605399,Route5
607.646,-23.6621384,133.8605856,Route5
607.742,-23.6623905,133.8606517,Route5
608.037,-23.6625791,133.8607125,Route5
608.615,-23.66288,133.8608304,Route5
608.578,-23.6631237,133.8609477,Route5
608.37,-23.6633793,133.8610889,Route5
608.213,-23.6634024,133.8611035,Route5
607.173,-23.6635668,133.8612076,Route5
605.999,-23.6637945,133.8613804,Route5
605.158,-23.6639291,133.8614871,Route5
605.018,-23.6639794,133.8615306,Route5
604.118,-23.6641599,133.8616865,Route5
604.215,-23.6643741,133.8619024,Route5
604.197,-23.664382,133.8619103,Route5
603.236,-23.664526,133.8620752,Route5
602.656,-23.6646056,133.8621567,Route5
602.19,-23.6646694,133.8622551,Route5
601.982,-23.6647272,133.8623747,Route5
601.895,-23.6647515,133.8624071,Route5
601.422,-23.6648829,133.8625997,Route5
601.596,-23.6651958,133.8630985,Route5
601.082,-23.6653283,133.8633106,Route5
600.196,-23.6658022,133.8640965,Route5
600.332,-23.6660128,133.8644272,Route5
600.129,-23.6660754,133.8645438,Route5
600.0,-23.6661665,133.8647131,Route5
600.0,-23.6662575,133.8648825,Route5
600.168,-23.6663593,133.8650466,Route5
600.142,-23.666508,133.8652841,Route5
599.164,-23.6666439,133.8654902,Route5
599.144,-23.6666466,133.8654931,Route5
599.127,-23.666649,133.8654947,Route5
599.114,-23.6666509,133.8654952,Route5
598.812,-23.666719,133.8654921,Route5
598.821,-23.6668897,133.8657715,Route5
598.666,-23.6669665,133.8659103,Route5
597.338,-23.6673493,133.8665321,Route5
597.929,-23.6675767,133.8668609,Route5
597.418,-23.6677197,133.8671273,Route5
597.07,-23.6681715,133.8679201,Route5
596.0,-23.668563,133.868607,Route5
595.276,-23.6689326,133.8691997,Route5
596.834,-23.6691042,133.8694608,Route5
597.386,-23.66932,133.8697606,Route5
597.0,-23.6695092,133.8699956,Route5
596.983,-23.6697167,133.8702353,Route5
595.515,-23.6698714,133.870392,Route5
593.251,-23.6700886,133.8705865,Route5
593.164,-23.6700969,133.870594,Route5
591.426,-23.6702636,133.8707433,Route5
592.674,-23.6709374,133.8712559,Route5
594.044,-23.6714301,133.8716257,Route5
593.501,-23.6716679,133.8718053,Route5
593.107,-23.6718055,133.8719147,Route5
593.0,-23.6718728,133.8720452,Route5
593.0,-23.6718743,133.8720473,Route5
592.811,-23.6720141,133.8721535,Route5
591.058,-23.6724832,133.87251,Route5
591.793,-23.6727202,133.8726852,Route5
592.0,-23.6728763,133.8728003,Route5
592.0,-23.6731152,133.8729737,Route5
592.022,-23.6732424,133.8730738,Route5
592.001,-23.6733327,133.8731405,Route5
591.266,-23.6738151,133.8735049,Route5
590.74,-23.6744032,133.8739612,Route5
591.022,-23.6747579,133.8742146,Route5
591.89,-23.6751724,133.874414,Route5
592.031,-23.6752774,133.8744531,Route5
592.09,-23.675467,133.8745225,Route5
591.719,-23.6757048,133.8745896,Route5
591.0,-23.6761325,133.8746785,Route5
591.0,-23.6766268,133.8747616,Route5
591.198,-23.6768969,133.8747885,Route5
592.366,-23.6771206,133.8747963,Route5
593.0,-23.6774215,133.8747999,Route5
592.555,-23.6775498,133.8747938,Route5
591.457,-23.6776696,133.874788,Route5
589.325,-23.6797318,133.8745443,Route5
587.186,-23.6802303,133.8744696,Route5
586.46,-23.6809299,133.8744133,Route5
587.155,-23.6811283,133.8744013,Route5
587.187,-23.6812405,133.8743925,Route5
586.796,-23.6815112,133.8743788,Route5
586.295,-23.6818075,133.8743625,Route5
586.58,-23.682012,133.8743509,Route5
586.978,-23.6827896,133.8743001,Route5
585.564,-23.6834181,133.8742794,Route5
584.132,-23.6837908,133.8742618,Route5
584.175,-23.6842218,133.8742284,Route5
585.434,-23.6843874,133.8742098,Route5
586.946,-23.6848991,133.8741516,Route5
586.835,-23.6851821,133.8741208,Route5
586.764,-23.6853764,133.874101,Route5
586.752,-23.6855436,133.8740977,Route5
586.755,-23.6856852,133.8740985,Route5
586.0,-23.6863255,133.8741667,Route5
584.469,-23.6868373,133.8742635,Route5
583.949,-23.6869811,133.8742974,Route5
583.839,-23.6872837,133.8743685,Route5
583.178,-23.6874694,133.8744232,Route5
583.173,-23.6876062,133.8744793,Route5
584.52,-23.6879715,133.8746199,Route5
584.919,-23.6881403,133.8746897,Route5
584.964,-23.688174,133.874705,Route5
584.577,-23.6884219,133.8748134,Route5
583.324,-23.688605,133.8749206,Route5
583.568,-23.6890755,133.8752347,Route5
584.0,-23.6891865,133.8753251,Route5
584.0,-23.689323,133.8754363,Route5
584.0,-23.6895886,133.8756527,Route5
582.0,-23.6903347,133.8762184,Route5
581.605,-23.6915551,133.877175,Route5
579.465,-23.6919181,133.8774578,Route5
579.499,-23.6921489,133.8776393,Route5
579.755,-23.6923662,133.8778221,Route5
581.051,-23.6926522,133.8780712,Route5
580.979,-23.6927837,133.8782103,Route5
580.544,-23.6929301,133.8783801,Route5
581.268,-23.6931656,133.8786855,Route5
582.209,-23.6934451,133.8790587,Route5
582.269,-23.6935458,133.8791788,Route5
582.421,-23.6936419,133.8792836,Route5
582.783,-23.6937582,133.8793842,Route5
582.991,-23.6938434,133.879442,Route5
583.278,-23.6939208,133.8794898,Route5
583.893,-23.6940331,133.8795483,Route5
584.362,-23.6941232,133.8795886,Route5
584.738,-23.694208,133.8796228,Route5
585.028,-23.6942901,133.8796422,Route5
585.074,-23.6943057,133.8796433,Route5
585.33,-23.6943698,133.8796578,Route5
585.412,-23.6944787,133.8796717,Route5
585.389,-23.6944829,133.8796724,Route5
584.739,-23.6945905,133.8796828,Route5
584.232,-23.6946657,133.8796818,Route5
583.023,-23.6948342,133.8796747,Route5
582.62,-23.6948877,133.8796699,Route5
582.306,-23.6949297,133.8796666,Route5
581.702,-23.6950148,133.8796504,Route5
581.552,-23.6950584,133.8796385,Route5
581.334,-23.6951231,133.8796112,Route5
581.317,-23.6951289,133.8796089,Route5
580.714,-23.6953572,133.8795109,Route5
581.462,-23.6962988,133.8790364,Route5
582.723,-23.6965049,133.8789274,Route5
579.991,-23.6968756,133.8787406,Route5
578.574,-23.6970036,133.878681,Route5
577.685,-23.6971271,133.8786231,Route5
576.361,-23.6976705,133.8783954,Route5
576.463,-23.6978434,133.8783219,Route5
576.498,-23.6978486,133.8783199,Route5
578.022,-23.6988919,133.8779131,Route5
579.663,-23.6991199,133.8778242,Route5
579.583,-23.6995023,133.8776417,Route5
577.821,-23.6997484,133.8775268,Route5
576.13,-23.7002958,133.8772645,Route5
578.1,-23.7005832,133.8771319,Route5
579.309,-23.7009193,133.8769574,Route5
579.499,-23.7010017,133.87692,Route5
579.705,-23.7013134,133.8767661,Route5
578.747,-23.7017151,133.876563,Route5
578.932,-23.7020542,133.8764067,Route5
579.544,-23.702176,133.8763547,Route5
579.42,-23.7023295,133.8763012,Route5
576.978,-23.7027838,133.8761708,Route5
576.78,-23.702839,133.8761568,Route5
576.548,-23.7029032,133.8761361,Route5
575.916,-23.7030714,133.8760877,Route5
575.993,-23.7036082,133.8759312,Route5
576.352,-23.7037363,133.8758939,Route5
576.371,-23.704457,133.8756662,Route5
575.918,-23.7045642,133.8756233,Route5
575.065,-23.704714,133.8755606,Route5
574.749,-23.7048701,133.8754857,Route5
574.076,-23.7052475,133.8752989,Route5
575.085,-23.706039,133.8749086,Route5
573.543,-23.7071801,133.8743488,Route5
573.678,-23.7098735,133.8730112,Route5
572.856,-23.7119636,133.871964,Route5
572.913,-23.7130796,133.8713851,Route5
572.0,-23.7134519,133.8712197,Route5
572.0,-23.7135509,133.8711776,Route5
571.941,-23.714264,133.870817,Route5
571.634,-23.7144553,133.8707208,Route5
571.94,-23.714625,133.870636,Route5
571.615,-23.7149996,133.8704487,Route5
571.947,-23.7150401,133.8705382,Route5
572.0,-23.7150569,133.8705752,Route5
570.595,-23.7153903,133.8713591,Route5
571.359,-23.7155682,133.8717711,Route5
570.411,-23.7159474,133.8726743,Route5
570.647,-23.7160016,133.8728066,Route5
570.525,-23.7158828,133.8728951,Route5
571.367,-23.7155131,133.8731758,Route5
572.717,-23.7147903,133.8737246,Route5
572.965,-23.7141553,133.8742043,Route5
572.866,-23.7141181,133.8742314,Route5
572.821,-23.7140961,133.8742486,Route5
